year, month, day, date_decimal, ppm
1974, 5, 19, 1974.3795, 333.34
1974, 5, 26, 1974.3986, 332.95
1974, 6, 2, 1974.4178, 332.32
1974, 6, 9, 1974.4370, 332.18
1974, 6, 16, 1974.4562, 332.37
1974, 6, 23, 1974.4753, 331.59
1974, 6, 30, 1974.4945, 331.68
1974, 7, 7, 1974.5137, 331.44
1974, 7, 14, 1974.5329, 330.85
1974, 7, 21, 1974.5521, 330.76
1974, 7, 28, 1974.5712, 329.80
1974, 8, 4, 1974.5904, 329.85
1974, 8, 11, 1974.6096, 329.05
1974, 8, 18, 1974.6288, 329.06
1974, 8, 25, 1974.6479, 328.33
1974, 9, 1, 1974.6671, 328.05
1974, 9, 8, 1974.6863, 327.57
1974, 9, 15, 1974.7055, 326.73
1974, 9, 22, 1974.7247, 326.96
1974, 9, 29, 1974.7438, 327.31
1974, 10, 6, 1974.7630, 327.07
1974, 10, 13, 1974.7822, 327.23
1974, 10, 20, 1974.8014, 327.40
1974, 10, 27, 1974.8205, 327.64
1974, 11, 3, 1974.8397, 327.80
1974, 11, 10, 1974.8589, 328.50
1974, 11, 17, 1974.8781, 328.56
1974, 11, 24, 1974.8973, 328.46
1974, 12, 1, 1974.9164, 328.76
1974, 12, 8, 1974.9356, 329.39
1974, 12, 15, 1974.9548, 329.77
1974, 12, 22, 1974.9740, 329.96
1974, 12, 29, 1974.9932, 330.38
1975, 1, 5, 1975.0123, 330.43
1975, 1, 12, 1975.0315, 330.59
1975, 1, 19, 1975.0507, 330.80
1975, 1, 26, 1975.0699, 331.22
1975, 2, 2, 1975.0890, 331.64
1975, 2, 9, 1975.1082, 331.12
1975, 2, 16, 1975.1274, 331.41
1975, 2, 23, 1975.1466, 331.96
1975, 3, 2, 1975.1658, 331.73
1975, 3, 9, 1975.1849, 331.61
1975, 3, 16, 1975.2041, 332.11
1975, 3, 23, 1975.2233, 331.86
1975, 3, 30, 1975.2425, 333.30
1975, 4, 6, 1975.2616, 332.79
1975, 4, 13, 1975.2808, 333.31
1975, 4, 20, 1975.3000, 333.39
1975, 4, 27, 1975.3192, 333.49
1975, 5, 4, 1975.3384, 333.94
1975, 5, 11, 1975.3575, 334.25
1975, 5, 18, 1975.3767, 333.45
1975, 5, 25, 1975.3959, 334.00
1975, 6, 1, 1975.4151, 333.96
1975, 6, 8, 1975.4342, 333.32
1975, 6, 15, 1975.4534, 333.22
1975, 6, 22, 1975.4726, 333.47
1975, 6, 29, 1975.4918, 333.01
1975, 7, 6, 1975.5110, 332.32
1975, 7, 13, 1975.5301, 331.83
1975, 7, 20, 1975.5493, 331.36
1975, 7, 27, 1975.5685, 331.21
1975, 8, 3, 1975.5877, 331.01
1975, 8, 10, 1975.6068, 330.38
1975, 8, 17, 1975.6260, 329.48
1975, 8, 24, 1975.6452, 328.73
1975, 8, 31, 1975.6644, 329.24
1975, 9, 7, 1975.6836, 329.42
1975, 9, 14, 1975.7027, 327.95
1975, 9, 21, 1975.7219, 327.96
1975, 9, 28, 1975.7411, 327.97
1975, 10, 5, 1975.7603, -999.99
1975, 10, 12, 1975.7795, 328.35
1975, 10, 19, 1975.7986, 328.63
1975, 10, 26, 1975.8178, 328.80
1975, 11, 2, 1975.8370, 329.03
1975, 11, 9, 1975.8562, 329.01
1975, 11, 16, 1975.8753, 329.25
1975, 11, 23, 1975.8945, 330.18
1975, 11, 30, 1975.9137, 329.72
1975, 12, 7, 1975.9329, -999.99
1975, 12, 14, 1975.9521, -999.99
1975, 12, 21, 1975.9712, -999.99
1975, 12, 28, 1975.9904, -999.99
1976, 1, 4, 1976.0096, 331.33
1976, 1, 11, 1976.0287, 331.62
1976, 1, 18, 1976.0478, 331.66
1976, 1, 25, 1976.0669, 331.87
1976, 2, 1, 1976.0861, 332.45
1976, 2, 8, 1976.1052, 332.51
1976, 2, 15, 1976.1243, 332.64
1976, 2, 22, 1976.1434, 333.49
1976, 2, 29, 1976.1626, 332.43
1976, 3, 7, 1976.1817, 332.99
1976, 3, 14, 1976.2008, 333.56
1976, 3, 21, 1976.2199, 334.15
1976, 3, 28, 1976.2391, 334.67
1976, 4, 4, 1976.2582, 335.06
1976, 4, 11, 1976.2773, 333.65
1976, 4, 18, 1976.2964, 334.50
1976, 4, 25, 1976.3156, 334.93
1976, 5, 2, 1976.3347, 334.17
1976, 5, 9, 1976.3538, 334.33
1976, 5, 16, 1976.3730, 335.29
1976, 5, 23, 1976.3921, 335.38
1976, 5, 30, 1976.4112, 334.43
1976, 6, 6, 1976.4303, 334.25
1976, 6, 13, 1976.4495, 334.18
1976, 6, 20, 1976.4686, 334.02
1976, 6, 27, 1976.4877, -999.99
1976, 7, 4, 1976.5068, 333.59
1976, 7, 11, 1976.5260, 333.48
1976, 7, 18, 1976.5451, 332.41
1976, 7, 25, 1976.5642, 332.24
1976, 8, 1, 1976.5833, 331.69
1976, 8, 8, 1976.6025, 330.70
1976, 8, 15, 1976.6216, 330.44
1976, 8, 22, 1976.6407, 330.23
1976, 8, 29, 1976.6598, 330.43
1976, 9, 5, 1976.6790, 329.54
1976, 9, 12, 1976.6981, 329.54
1976, 9, 19, 1976.7172, 328.58
1976, 9, 26, 1976.7363, 328.03
1976, 10, 3, 1976.7555, 328.55
1976, 10, 10, 1976.7746, 328.54
1976, 10, 17, 1976.7937, 329.27
1976, 10, 24, 1976.8128, 328.77
1976, 10, 31, 1976.8320, 329.32
1976, 11, 7, 1976.8511, 330.46
1976, 11, 14, 1976.8702, 330.17
1976, 11, 21, 1976.8893, 330.55
1976, 11, 28, 1976.9085, 330.68
1976, 12, 5, 1976.9276, 331.19
1976, 12, 12, 1976.9467, 332.39
1976, 12, 19, 1976.9658, 331.70
1976, 12, 26, 1976.9850, 332.39
1977, 1, 2, 1977.0041, 332.29
1977, 1, 9, 1977.0233, 332.49
1977, 1, 16, 1977.0425, 332.88
1977, 1, 23, 1977.0616, 332.98
1977, 1, 30, 1977.0808, 332.93
1977, 2, 6, 1977.1000, 333.21
1977, 2, 13, 1977.1192, 333.15
1977, 2, 20, 1977.1384, 333.09
1977, 2, 27, 1977.1575, 334.34
1977, 3, 6, 1977.1767, 334.27
1977, 3, 13, 1977.1959, 335.18
1977, 3, 20, 1977.2151, 335.32
1977, 3, 27, 1977.2342, 335.16
1977, 4, 3, 1977.2534, 335.96
1977, 4, 10, 1977.2726, 335.85
1977, 4, 17, 1977.2918, 336.30
1977, 4, 24, 1977.3110, 336.58
1977, 5, 1, 1977.3301, 337.00
1977, 5, 8, 1977.3493, 336.58
1977, 5, 15, 1977.3685, 337.14
1977, 5, 22, 1977.3877, 336.97
1977, 5, 29, 1977.4068, 336.63
1977, 6, 5, 1977.4260, 336.12
1977, 6, 12, 1977.4452, 336.01
1977, 6, 19, 1977.4644, 336.34
1977, 6, 26, 1977.4836, 335.74
1977, 7, 3, 1977.5027, 335.46
1977, 7, 10, 1977.5219, 335.23
1977, 7, 17, 1977.5411, 334.59
1977, 7, 24, 1977.5603, 334.09
1977, 7, 31, 1977.5795, 333.42
1977, 8, 7, 1977.5986, 332.54
1977, 8, 14, 1977.6178, 332.84
1977, 8, 21, 1977.6370, 331.82
1977, 8, 28, 1977.6562, 332.25
1977, 9, 4, 1977.6753, 331.18
1977, 9, 11, 1977.6945, 331.49
1977, 9, 18, 1977.7137, 330.94
1977, 9, 25, 1977.7329, 330.92
1977, 10, 2, 1977.7521, 330.93
1977, 10, 9, 1977.7712, 331.54
1977, 10, 16, 1977.7904, 331.27
1977, 10, 23, 1977.8096, 331.36
1977, 10, 30, 1977.8288, 331.87
1977, 11, 6, 1977.8479, 332.08
1977, 11, 13, 1977.8671, 332.53
1977, 11, 20, 1977.8863, 332.92
1977, 11, 27, 1977.9055, 332.65
1977, 12, 4, 1977.9247, 333.34
1977, 12, 11, 1977.9438, 333.40
1977, 12, 18, 1977.9630, 334.03
1977, 12, 25, 1977.9822, 333.99
1978, 1, 1, 1978.0014, 334.66
1978, 1, 8, 1978.0205, 334.56
1978, 1, 15, 1978.0397, 334.94
1978, 1, 22, 1978.0589, 335.68
1978, 1, 29, 1978.0781, 335.23
1978, 2, 5, 1978.0973, 334.74
1978, 2, 12, 1978.1164, 335.27
1978, 2, 19, 1978.1356, 335.50
1978, 2, 26, 1978.1548, 335.95
1978, 3, 5, 1978.1740, 336.06
1978, 3, 12, 1978.1932, 336.73
1978, 3, 19, 1978.2123, 336.91
1978, 3, 26, 1978.2315, 337.29
1978, 4, 2, 1978.2507, 337.33
1978, 4, 9, 1978.2699, 338.00
1978, 4, 16, 1978.2890, 337.62
1978, 4, 23, 1978.3082, 337.87
1978, 4, 30, 1978.3274, 338.27
1978, 5, 7, 1978.3466, 338.04
1978, 5, 14, 1978.3658, 337.89
1978, 5, 21, 1978.3849, 337.79
1978, 5, 28, 1978.4041, 338.44
1978, 6, 4, 1978.4233, 338.46
1978, 6, 11, 1978.4425, 338.12
1978, 6, 18, 1978.4616, 337.62
1978, 6, 25, 1978.4808, 337.47
1978, 7, 2, 1978.5000, 336.55
1978, 7, 9, 1978.5192, 336.79
1978, 7, 16, 1978.5384, 336.34
1978, 7, 23, 1978.5575, 335.74
1978, 7, 30, 1978.5767, 335.43
1978, 8, 6, 1978.5959, 334.64
1978, 8, 13, 1978.6151, 334.69
1978, 8, 20, 1978.6342, 334.21
1978, 8, 27, 1978.6534, 333.78
1978, 9, 3, 1978.6726, 332.81
1978, 9, 10, 1978.6918, 331.86
1978, 9, 17, 1978.7110, 331.75
1978, 9, 24, 1978.7301, 332.81
1978, 10, 1, 1978.7493, 332.21
1978, 10, 8, 1978.7685, 331.85
1978, 10, 15, 1978.7877, 332.66
1978, 10, 22, 1978.8068, 332.77
1978, 10, 29, 1978.8260, 333.22
1978, 11, 5, 1978.8452, 333.57
1978, 11, 12, 1978.8644, 333.60
1978, 11, 19, 1978.8836, 334.12
1978, 11, 26, 1978.9027, 334.10
1978, 12, 3, 1978.9219, 334.46
1978, 12, 10, 1978.9411, 334.96
1978, 12, 17, 1978.9603, 335.20
1978, 12, 24, 1978.9795, 335.07
1978, 12, 31, 1978.9986, 335.20
1979, 1, 7, 1979.0178, 335.48
1979, 1, 14, 1979.0370, 336.64
1979, 1, 21, 1979.0562, 336.93
1979, 1, 28, 1979.0753, 337.02
1979, 2, 4, 1979.0945, 336.61
1979, 2, 11, 1979.1137, 336.52
1979, 2, 18, 1979.1329, 336.76
1979, 2, 25, 1979.1521, 336.97
1979, 3, 4, 1979.1712, 337.93
1979, 3, 11, 1979.1904, 338.10
1979, 3, 18, 1979.2096, 338.65
1979, 3, 25, 1979.2288, 338.97
1979, 4, 1, 1979.2479, 338.87
1979, 4, 8, 1979.2671, 338.78
1979, 4, 15, 1979.2863, 338.77
1979, 4, 22, 1979.3055, 339.38
1979, 4, 29, 1979.3247, 339.56
1979, 5, 6, 1979.3438, 338.60
1979, 5, 13, 1979.3630, 339.19
1979, 5, 20, 1979.3822, -999.99
1979, 5, 27, 1979.4014, 339.80
1979, 6, 3, 1979.4205, 339.74
1979, 6, 10, 1979.4397, 339.03
1979, 6, 17, 1979.4589, 339.13
1979, 6, 24, 1979.4781, 338.92
1979, 7, 1, 1979.4973, 338.14
1979, 7, 8, 1979.5164, 337.70
1979, 7, 15, 1979.5356, 337.91
1979, 7, 22, 1979.5548, 336.67
1979, 7, 29, 1979.5740, 336.84
1979, 8, 5, 1979.5932, 336.35
1979, 8, 12, 1979.6123, 336.18
1979, 8, 19, 1979.6315, 334.81
1979, 8, 26, 1979.6507, 335.25
1979, 9, 2, 1979.6699, 333.74
1979, 9, 9, 1979.6890, 334.40
1979, 9, 16, 1979.7082, 333.61
1979, 9, 23, 1979.7274, 333.61
1979, 9, 30, 1979.7466, 334.10
1979, 10, 7, 1979.7658, 334.53
1979, 10, 14, 1979.7849, 334.09
1979, 10, 21, 1979.8041, 334.12
1979, 10, 28, 1979.8233, 334.54
1979, 11, 4, 1979.8425, 334.80
1979, 11, 11, 1979.8616, 335.34
1979, 11, 18, 1979.8808, 335.63
1979, 11, 25, 1979.9000, 335.88
1979, 12, 2, 1979.9192, 336.39
1979, 12, 9, 1979.9384, 336.72
1979, 12, 16, 1979.9575, 337.01
1979, 12, 23, 1979.9767, 337.18
1979, 12, 30, 1979.9959, 337.53
1980, 1, 6, 1980.0150, 337.40
1980, 1, 13, 1980.0342, 337.71
1980, 1, 20, 1980.0533, 338.65
1980, 1, 27, 1980.0724, 337.89
1980, 2, 3, 1980.0915, 338.47
1980, 2, 10, 1980.1107, 338.19
1980, 2, 17, 1980.1298, 338.35
1980, 2, 24, 1980.1489, 338.91
1980, 3, 2, 1980.1680, 339.51
1980, 3, 9, 1980.1872, 339.83
1980, 3, 16, 1980.2063, 339.51
1980, 3, 23, 1980.2254, 340.84
1980, 3, 30, 1980.2445, 340.64
1980, 4, 6, 1980.2637, 340.76
1980, 4, 13, 1980.2828, 340.98
1980, 4, 20, 1980.3019, 341.15
1980, 4, 27, 1980.3210, 341.35
1980, 5, 4, 1980.3402, 341.39
1980, 5, 11, 1980.3593, 341.71
1980, 5, 18, 1980.3784, 341.45
1980, 5, 25, 1980.3975, 341.32
1980, 6, 1, 1980.4167, 341.64
1980, 6, 8, 1980.4358, 341.61
1980, 6, 15, 1980.4549, 341.50
1980, 6, 22, 1980.4740, 340.76
1980, 6, 29, 1980.4932, 340.40
1980, 7, 6, 1980.5123, 339.42
1980, 7, 13, 1980.5314, 339.31
1980, 7, 20, 1980.5505, 338.77
1980, 7, 27, 1980.5697, 338.81
1980, 8, 3, 1980.5888, 336.78
1980, 8, 10, 1980.6079, 338.07
1980, 8, 17, 1980.6270, 338.36
1980, 8, 24, 1980.6462, 337.21
1980, 8, 31, 1980.6653, 336.90
1980, 9, 7, 1980.6844, 336.24
1980, 9, 14, 1980.7036, 336.24
1980, 9, 21, 1980.7227, 335.36
1980, 9, 28, 1980.7418, 335.99
1980, 10, 5, 1980.7609, 335.72
1980, 10, 12, 1980.7801, 336.11
1980, 10, 19, 1980.7992, 336.51
1980, 10, 26, 1980.8183, 336.69
1980, 11, 2, 1980.8374, 336.97
1980, 11, 9, 1980.8566, 337.49
1980, 11, 16, 1980.8757, 337.20
1980, 11, 23, 1980.8948, 337.64
1980, 11, 30, 1980.9139, 337.88
1980, 12, 7, 1980.9331, 338.11
1980, 12, 14, 1980.9522, 338.50
1980, 12, 21, 1980.9713, 338.52
1980, 12, 28, 1980.9904, 338.60
1981, 1, 4, 1981.0096, 339.12
1981, 1, 11, 1981.0288, 339.25
1981, 1, 18, 1981.0479, 339.55
1981, 1, 25, 1981.0671, 339.67
1981, 2, 1, 1981.0863, 339.89
1981, 2, 8, 1981.1055, 340.70
1981, 2, 15, 1981.1247, 340.18
1981, 2, 22, 1981.1438, 341.34
1981, 3, 1, 1981.1630, 341.23
1981, 3, 8, 1981.1822, 340.97
1981, 3, 15, 1981.2014, 341.53
1981, 3, 22, 1981.2205, 342.49
1981, 3, 29, 1981.2397, 342.23
1981, 4, 5, 1981.2589, 342.62
1981, 4, 12, 1981.2781, 342.80
1981, 4, 19, 1981.2973, 342.54
1981, 4, 26, 1981.3164, 342.71
1981, 5, 3, 1981.3356, 343.08
1981, 5, 10, 1981.3548, 343.04
1981, 5, 17, 1981.3740, 342.95
1981, 5, 24, 1981.3932, 343.00
1981, 5, 31, 1981.4123, 342.87
1981, 6, 7, 1981.4315, 342.83
1981, 6, 14, 1981.4507, 342.40
1981, 6, 21, 1981.4699, 342.19
1981, 6, 28, 1981.4890, 341.71
1981, 7, 5, 1981.5082, 341.30
1981, 7, 12, 1981.5274, 340.54
1981, 7, 19, 1981.5466, 340.72
1981, 7, 26, 1981.5658, 340.05
1981, 8, 2, 1981.5849, 339.30
1981, 8, 9, 1981.6041, 338.98
1981, 8, 16, 1981.6233, 338.18
1981, 8, 23, 1981.6425, 337.25
1981, 8, 30, 1981.6616, 337.60
1981, 9, 6, 1981.6808, 337.10
1981, 9, 13, 1981.7000, 336.92
1981, 9, 20, 1981.7192, 336.84
1981, 9, 27, 1981.7384, 336.24
1981, 10, 4, 1981.7575, 336.66
1981, 10, 11, 1981.7767, 337.11
1981, 10, 18, 1981.7959, 337.22
1981, 10, 25, 1981.8151, 337.68
1981, 11, 1, 1981.8342, 338.13
1981, 11, 8, 1981.8534, 338.29
1981, 11, 15, 1981.8726, 338.43
1981, 11, 22, 1981.8918, 339.23
1981, 11, 29, 1981.9110, 339.72
1981, 12, 6, 1981.9301, 339.70
1981, 12, 13, 1981.9493, 339.64
1981, 12, 20, 1981.9685, 340.03
1981, 12, 27, 1981.9877, 340.51
1982, 1, 3, 1982.0068, 340.59
1982, 1, 10, 1982.0260, 340.75
1982, 1, 17, 1982.0452, 340.80
1982, 1, 24, 1982.0644, 341.64
1982, 1, 31, 1982.0836, 341.77
1982, 2, 7, 1982.1027, 341.58
1982, 2, 14, 1982.1219, 341.34
1982, 2, 21, 1982.1411, 341.97
1982, 2, 28, 1982.1603, 342.71
1982, 3, 7, 1982.1795, 342.47
1982, 3, 14, 1982.1986, 342.71
1982, 3, 21, 1982.2178, -999.99
1982, 3, 28, 1982.2370, 342.84
1982, 4, 4, 1982.2562, 343.37
1982, 4, 11, 1982.2753, -999.99
1982, 4, 18, 1982.2945, -999.99
1982, 4, 25, 1982.3137, 344.91
1982, 5, 2, 1982.3329, 344.24
1982, 5, 9, 1982.3521, 344.81
1982, 5, 16, 1982.3712, 344.67
1982, 5, 23, 1982.3904, 344.81
1982, 5, 30, 1982.4096, 343.96
1982, 6, 6, 1982.4288, 344.05
1982, 6, 13, 1982.4479, 344.07
1982, 6, 20, 1982.4671, 343.40
1982, 6, 27, 1982.4863, 343.28
1982, 7, 4, 1982.5055, 342.91
1982, 7, 11, 1982.5247, 342.27
1982, 7, 18, 1982.5438, 342.09
1982, 7, 25, 1982.5630, 341.76
1982, 8, 1, 1982.5822, 341.06
1982, 8, 8, 1982.6014, 340.60
1982, 8, 15, 1982.6205, 340.43
1982, 8, 22, 1982.6397, 339.15
1982, 8, 29, 1982.6589, 338.88
1982, 9, 5, 1982.6781, 338.74
1982, 9, 12, 1982.6973, 338.96
1982, 9, 19, 1982.7164, 337.24
1982, 9, 26, 1982.7356, 337.51
1982, 10, 3, 1982.7548, 337.81
1982, 10, 10, 1982.7740, 337.96
1982, 10, 17, 1982.7932, 338.25
1982, 10, 24, 1982.8123, 339.22
1982, 10, 31, 1982.8315, 339.02
1982, 11, 7, 1982.8507, 339.26
1982, 11, 14, 1982.8699, 339.56
1982, 11, 21, 1982.8890, 340.37
1982, 11, 28, 1982.9082, 339.82
1982, 12, 5, 1982.9274, 340.57
1982, 12, 12, 1982.9466, 340.81
1982, 12, 19, 1982.9658, 341.35
1982, 12, 26, 1982.9849, 341.42
1983, 1, 2, 1983.0041, 341.69
1983, 1, 9, 1983.0233, 342.18
1983, 1, 16, 1983.0425, 341.44
1983, 1, 23, 1983.0616, 341.72
1983, 1, 30, 1983.0808, 342.08
1983, 2, 6, 1983.1000, 342.78
1983, 2, 13, 1983.1192, 343.05
1983, 2, 20, 1983.1384, 343.03
1983, 2, 27, 1983.1575, 342.71
1983, 3, 6, 1983.1767, 342.63
1983, 3, 13, 1983.1959, 343.74
1983, 3, 20, 1983.2151, 344.93
1983, 3, 27, 1983.2342, 343.74
1983, 4, 3, 1983.2534, 344.74
1983, 4, 10, 1983.2726, 345.03
1983, 4, 17, 1983.2918, 345.60
1983, 4, 24, 1983.3110, 345.82
1983, 5, 1, 1983.3301, 345.64
1983, 5, 8, 1983.3493, 345.94
1983, 5, 15, 1983.3685, 346.36
1983, 5, 22, 1983.3877, 346.07
1983, 5, 29, 1983.4068, 345.95
1983, 6, 5, 1983.4260, 346.09
1983, 6, 12, 1983.4452, 345.73
1983, 6, 19, 1983.4644, 345.39
1983, 6, 26, 1983.4836, 344.96
1983, 7, 3, 1983.5027, 345.02
1983, 7, 10, 1983.5219, 344.31
1983, 7, 17, 1983.5411, 344.10
1983, 7, 24, 1983.5603, 343.39
1983, 7, 31, 1983.5795, 342.75
1983, 8, 7, 1983.5986, -999.99
1983, 8, 14, 1983.6178, 342.06
1983, 8, 21, 1983.6370, 341.89
1983, 8, 28, 1983.6562, 340.95
1983, 9, 4, 1983.6753, 340.34
1983, 9, 11, 1983.6945, 340.23
1983, 9, 18, 1983.7137, 340.29
1983, 9, 25, 1983.7329, 340.39
1983, 10, 2, 1983.7521, 339.98
1983, 10, 9, 1983.7712, 340.20
1983, 10, 16, 1983.7904, 340.82
1983, 10, 23, 1983.8096, 340.67
1983, 10, 30, 1983.8288, 341.07
1983, 11, 6, 1983.8479, 341.37
1983, 11, 13, 1983.8671, 341.66
1983, 11, 20, 1983.8863, 341.71
1983, 11, 27, 1983.9055, 342.24
1983, 12, 4, 1983.9247, 342.48
1983, 12, 11, 1983.9438, 342.74
1983, 12, 18, 1983.9630, 343.43
1983, 12, 25, 1983.9822, 343.63
1984, 1, 1, 1984.0014, 344.09
1984, 1, 8, 1984.0205, 343.78
1984, 1, 15, 1984.0396, 343.98
1984, 1, 22, 1984.0587, 344.39
1984, 1, 29, 1984.0779, 344.59
1984, 2, 5, 1984.0970, 344.86
1984, 2, 12, 1984.1161, 344.67
1984, 2, 19, 1984.1352, 344.98
1984, 2, 26, 1984.1544, 344.91
1984, 3, 4, 1984.1735, 345.23
1984, 3, 11, 1984.1926, 345.52
1984, 3, 18, 1984.2117, 345.66
1984, 3, 25, 1984.2309, 345.76
1984, 4, 1, 1984.2500, -999.99
1984, 4, 8, 1984.2691, -999.99
1984, 4, 15, 1984.2883, -999.99
1984, 4, 22, 1984.3074, -999.99
1984, 4, 29, 1984.3265, 347.60
1984, 5, 6, 1984.3456, 347.36
1984, 5, 13, 1984.3648, 347.86
1984, 5, 20, 1984.3839, 347.53
1984, 5, 27, 1984.4030, 347.51
1984, 6, 3, 1984.4221, 347.07
1984, 6, 10, 1984.4413, 347.36
1984, 6, 17, 1984.4604, 346.97
1984, 6, 24, 1984.4795, 346.50
1984, 7, 1, 1984.4986, 346.21
1984, 7, 8, 1984.5178, 346.07
1984, 7, 15, 1984.5369, 345.35
1984, 7, 22, 1984.5560, 344.89
1984, 7, 29, 1984.5751, 344.74
1984, 8, 5, 1984.5943, 344.35
1984, 8, 12, 1984.6134, 344.12
1984, 8, 19, 1984.6325, 343.05
1984, 8, 26, 1984.6516, 342.12
1984, 9, 2, 1984.6708, 340.88
1984, 9, 9, 1984.6899, 341.10
1984, 9, 16, 1984.7090, 341.87
1984, 9, 23, 1984.7281, 341.24
1984, 9, 30, 1984.7473, 341.90
1984, 10, 7, 1984.7664, 341.16
1984, 10, 14, 1984.7855, 341.99
1984, 10, 21, 1984.8046, 341.91
1984, 10, 28, 1984.8238, 342.06
1984, 11, 4, 1984.8429, 342.60
1984, 11, 11, 1984.8620, 343.08
1984, 11, 18, 1984.8811, 343.53
1984, 11, 25, 1984.9003, 343.48
1984, 12, 2, 1984.9194, -999.99
1984, 12, 9, 1984.9385, 344.64
1984, 12, 16, 1984.9577, 344.93
1984, 12, 23, 1984.9768, 344.70
1984, 12, 30, 1984.9959, 345.24
1985, 1, 6, 1985.0151, 345.30
1985, 1, 13, 1985.0342, 345.18
1985, 1, 20, 1985.0534, 345.18
1985, 1, 27, 1985.0726, 345.62
1985, 2, 3, 1985.0918, 346.01
1985, 2, 10, 1985.1110, 345.72
1985, 2, 17, 1985.1301, 346.49
1985, 2, 24, 1985.1493, 346.72
1985, 3, 3, 1985.1685, 347.21
1985, 3, 10, 1985.1877, 347.57
1985, 3, 17, 1985.2068, 347.92
1985, 3, 24, 1985.2260, 348.34
1985, 3, 31, 1985.2452, 348.23
1985, 4, 7, 1985.2644, 348.24
1985, 4, 14, 1985.2836, 347.94
1985, 4, 21, 1985.3027, 348.69
1985, 4, 28, 1985.3219, 348.96
1985, 5, 5, 1985.3411, 349.24
1985, 5, 12, 1985.3603, 349.10
1985, 5, 19, 1985.3795, 349.07
1985, 5, 26, 1985.3986, 348.91
1985, 6, 2, 1985.4178, 348.86
1985, 6, 9, 1985.4370, 348.55
1985, 6, 16, 1985.4562, 348.37
1985, 6, 23, 1985.4753, 347.79
1985, 6, 30, 1985.4945, 347.24
1985, 7, 7, 1985.5137, 347.10
1985, 7, 14, 1985.5329, 346.89
1985, 7, 21, 1985.5521, 346.47
1985, 7, 28, 1985.5712, 345.86
1985, 8, 4, 1985.5904, 345.33
1985, 8, 11, 1985.6096, 344.23
1985, 8, 18, 1985.6288, 344.61
1985, 8, 25, 1985.6479, 344.76
1985, 9, 1, 1985.6671, 344.14
1985, 9, 8, 1985.6863, 343.61
1985, 9, 15, 1985.7055, 343.38
1985, 9, 22, 1985.7247, 342.29
1985, 9, 29, 1985.7438, 342.34
1985, 10, 6, 1985.7630, 342.92
1985, 10, 13, 1985.7822, 342.95
1985, 10, 20, 1985.8014, 343.48
1985, 10, 27, 1985.8205, 343.75
1985, 11, 3, 1985.8397, 343.76
1985, 11, 10, 1985.8589, 344.36
1985, 11, 17, 1985.8781, 344.81
1985, 11, 24, 1985.8973, 345.29
1985, 12, 1, 1985.9164, 345.29
1985, 12, 8, 1985.9356, 345.90
1985, 12, 15, 1985.9548, 345.88
1985, 12, 22, 1985.9740, 346.04
1985, 12, 29, 1985.9932, 346.68
1986, 1, 5, 1986.0123, 346.55
1986, 1, 12, 1986.0315, 346.41
1986, 1, 19, 1986.0507, 346.78
1986, 1, 26, 1986.0699, 346.50
1986, 2, 2, 1986.0890, 346.93
1986, 2, 9, 1986.1082, 347.22
1986, 2, 16, 1986.1274, 347.63
1986, 2, 23, 1986.1466, 347.44
1986, 3, 2, 1986.1658, 346.98
1986, 3, 9, 1986.1849, 347.11
1986, 3, 16, 1986.2041, 347.88
1986, 3, 23, 1986.2233, 349.34
1986, 3, 30, 1986.2425, 349.01
1986, 4, 6, 1986.2616, 349.60
1986, 4, 13, 1986.2808, 349.79
1986, 4, 20, 1986.3000, 350.08
1986, 4, 27, 1986.3192, 350.51
1986, 5, 4, 1986.3384, 350.17
1986, 5, 11, 1986.3575, 350.59
1986, 5, 18, 1986.3767, 350.64
1986, 5, 25, 1986.3959, 350.10
1986, 6, 1, 1986.4151, 350.30
1986, 6, 8, 1986.4342, 350.29
1986, 6, 15, 1986.4534, 350.04
1986, 6, 22, 1986.4726, 349.58
1986, 6, 29, 1986.4918, 349.05
1986, 7, 6, 1986.5110, 348.81
1986, 7, 13, 1986.5301, 347.61
1986, 7, 20, 1986.5493, 347.86
1986, 7, 27, 1986.5685, 347.74
1986, 8, 3, 1986.5877, 346.70
1986, 8, 10, 1986.6068, 346.21
1986, 8, 17, 1986.6260, 345.66
1986, 8, 24, 1986.6452, 345.65
1986, 8, 31, 1986.6644, 345.22
1986, 9, 7, 1986.6836, 345.64
1986, 9, 14, 1986.7027, 345.74
1986, 9, 21, 1986.7219, 344.44
1986, 9, 28, 1986.7411, 344.86
1986, 10, 5, 1986.7603, 344.17
1986, 10, 12, 1986.7795, 344.37
1986, 10, 19, 1986.7986, 344.46
1986, 10, 26, 1986.8178, 345.27
1986, 11, 2, 1986.8370, 345.47
1986, 11, 9, 1986.8562, 345.98
1986, 11, 16, 1986.8753, 345.91
1986, 11, 23, 1986.8945, 346.27
1986, 11, 30, 1986.9137, 347.12
1986, 12, 7, 1986.9329, 347.04
1986, 12, 14, 1986.9521, 347.09
1986, 12, 21, 1986.9712, 347.23
1986, 12, 28, 1986.9904, 347.57
1987, 1, 4, 1987.0096, 348.05
1987, 1, 11, 1987.0288, 348.79
1987, 1, 18, 1987.0479, 348.55
1987, 1, 25, 1987.0671, 348.97
1987, 2, 1, 1987.0863, 348.41
1987, 2, 8, 1987.1055, 348.19
1987, 2, 15, 1987.1247, 348.91
1987, 2, 22, 1987.1438, 349.55
1987, 3, 1, 1987.1630, 349.08
1987, 3, 8, 1987.1822, 349.43
1987, 3, 15, 1987.2014, 350.00
1987, 3, 22, 1987.2205, 350.38
1987, 3, 29, 1987.2397, 351.10
1987, 4, 5, 1987.2589, 350.74
1987, 4, 12, 1987.2781, 351.07
1987, 4, 19, 1987.2973, 351.63
1987, 4, 26, 1987.3164, 351.73
1987, 5, 3, 1987.3356, 352.14
1987, 5, 10, 1987.3548, 352.07
1987, 5, 17, 1987.3740, 352.02
1987, 5, 24, 1987.3932, 352.32
1987, 5, 31, 1987.4123, 352.11
1987, 6, 7, 1987.4315, 351.74
1987, 6, 14, 1987.4507, 351.35
1987, 6, 21, 1987.4699, 351.35
1987, 6, 28, 1987.4890, 350.58
1987, 7, 5, 1987.5082, 350.77
1987, 7, 12, 1987.5274, 349.69
1987, 7, 19, 1987.5466, 350.21
1987, 7, 26, 1987.5658, 349.72
1987, 8, 2, 1987.5849, 347.29
1987, 8, 9, 1987.6041, 348.77
1987, 8, 16, 1987.6233, 348.22
1987, 8, 23, 1987.6425, 347.77
1987, 8, 30, 1987.6616, 346.80
1987, 9, 6, 1987.6808, 346.55
1987, 9, 13, 1987.7000, 346.81
1987, 9, 20, 1987.7192, 345.76
1987, 9, 27, 1987.7384, 346.22
1987, 10, 4, 1987.7575, 346.36
1987, 10, 11, 1987.7767, 346.56
1987, 10, 18, 1987.7959, 346.96
1987, 10, 25, 1987.8151, 346.89
1987, 11, 1, 1987.8342, 347.38
1987, 11, 8, 1987.8534, 347.51
1987, 11, 15, 1987.8726, 348.07
1987, 11, 22, 1987.8918, 348.71
1987, 11, 29, 1987.9110, 348.75
1987, 12, 6, 1987.9301, 348.73
1987, 12, 13, 1987.9493, 349.23
1987, 12, 20, 1987.9685, 349.37
1987, 12, 27, 1987.9877, 349.76
1988, 1, 3, 1988.0068, 350.14
1988, 1, 10, 1988.0260, 350.28
1988, 1, 17, 1988.0451, 350.54
1988, 1, 24, 1988.0642, 350.71
1988, 1, 31, 1988.0833, 351.72
1988, 2, 7, 1988.1025, 351.26
1988, 2, 14, 1988.1216, 351.24
1988, 2, 21, 1988.1407, 352.16
1988, 2, 28, 1988.1598, 353.04
1988, 3, 6, 1988.1790, 352.40
1988, 3, 13, 1988.1981, 351.95
1988, 3, 20, 1988.2172, 351.74
1988, 3, 27, 1988.2363, 353.05
1988, 4, 3, 1988.2555, 353.38
1988, 4, 10, 1988.2746, 353.52
1988, 4, 17, 1988.2937, 353.61
1988, 4, 24, 1988.3128, 354.40
1988, 5, 1, 1988.3320, 353.92
1988, 5, 8, 1988.3511, 354.19
1988, 5, 15, 1988.3702, 354.19
1988, 5, 22, 1988.3893, 354.65
1988, 5, 29, 1988.4085, 353.94
1988, 6, 5, 1988.4276, 354.28
1988, 6, 12, 1988.4467, 353.66
1988, 6, 19, 1988.4658, 353.34
1988, 6, 26, 1988.4850, 353.31
1988, 7, 3, 1988.5041, 352.84
1988, 7, 10, 1988.5232, 352.99
1988, 7, 17, 1988.5423, 352.93
1988, 7, 24, 1988.5615, 351.99
1988, 7, 31, 1988.5806, 350.89
1988, 8, 7, 1988.5997, 350.82
1988, 8, 14, 1988.6189, 350.14
1988, 8, 21, 1988.6380, 350.18
1988, 8, 28, 1988.6571, 349.53
1988, 9, 4, 1988.6762, 348.85
1988, 9, 11, 1988.6954, 349.13
1988, 9, 18, 1988.7145, 348.86
1988, 9, 25, 1988.7336, 348.75
1988, 10, 2, 1988.7527, 348.95
1988, 10, 9, 1988.7719, 348.69
1988, 10, 16, 1988.7910, 349.30
1988, 10, 23, 1988.8101, 349.45
1988, 10, 30, 1988.8292, 349.77
1988, 11, 6, 1988.8484, 349.86
1988, 11, 13, 1988.8675, 350.15
1988, 11, 20, 1988.8866, 350.56
1988, 11, 27, 1988.9057, 350.61
1988, 12, 4, 1988.9249, 350.90
1988, 12, 11, 1988.9440, 351.44
1988, 12, 18, 1988.9631, 351.57
1988, 12, 25, 1988.9822, 352.08
1989, 1, 1, 1989.0014, 352.48
1989, 1, 8, 1989.0205, 353.15
1989, 1, 15, 1989.0397, 353.00
1989, 1, 22, 1989.0589, 352.67
1989, 1, 29, 1989.0781, 353.31
1989, 2, 5, 1989.0973, 352.80
1989, 2, 12, 1989.1164, 353.29
1989, 2, 19, 1989.1356, 353.62
1989, 2, 26, 1989.1548, 353.77
1989, 3, 5, 1989.1740, 353.63
1989, 3, 12, 1989.1932, 353.58
1989, 3, 19, 1989.2123, 354.09
1989, 3, 26, 1989.2315, 354.78
1989, 4, 2, 1989.2507, 354.75
1989, 4, 9, 1989.2699, 355.40
1989, 4, 16, 1989.2890, 356.08
1989, 4, 23, 1989.3082, 356.32
1989, 4, 30, 1989.3274, 355.76
1989, 5, 7, 1989.3466, 355.58
1989, 5, 14, 1989.3658, 356.11
1989, 5, 21, 1989.3849, 355.96
1989, 5, 28, 1989.4041, 356.13
1989, 6, 4, 1989.4233, 355.57
1989, 6, 11, 1989.4425, 355.46
1989, 6, 18, 1989.4616, 354.98
1989, 6, 25, 1989.4808, 355.00
1989, 7, 2, 1989.5000, 354.76
1989, 7, 9, 1989.5192, 354.41
1989, 7, 16, 1989.5384, 353.55
1989, 7, 23, 1989.5575, 353.26
1989, 7, 30, 1989.5767, 353.22
1989, 8, 6, 1989.5959, 352.62
1989, 8, 13, 1989.6151, 351.95
1989, 8, 20, 1989.6342, 350.75
1989, 8, 27, 1989.6534, 350.74
1989, 9, 3, 1989.6726, 350.96
1989, 9, 10, 1989.6918, 349.39
1989, 9, 17, 1989.7110, 349.55
1989, 9, 24, 1989.7301, 349.90
1989, 10, 1, 1989.7493, 350.41
1989, 10, 8, 1989.7685, 349.86
1989, 10, 15, 1989.7877, 350.34
1989, 10, 22, 1989.8068, 350.70
1989, 10, 29, 1989.8260, 350.44
1989, 11, 5, 1989.8452, 351.32
1989, 11, 12, 1989.8644, 351.64
1989, 11, 19, 1989.8836, 351.84
1989, 11, 26, 1989.9027, 352.05
1989, 12, 3, 1989.9219, 352.30
1989, 12, 10, 1989.9411, 353.07
1989, 12, 17, 1989.9603, 352.90
1989, 12, 24, 1989.9795, 352.98
1989, 12, 31, 1989.9986, 353.67
1990, 1, 7, 1990.0178, 353.53
1990, 1, 14, 1990.0370, 353.93
1990, 1, 21, 1990.0562, 353.87
1990, 1, 28, 1990.0753, 354.34
1990, 2, 4, 1990.0945, 354.98
1990, 2, 11, 1990.1137, 355.03
1990, 2, 18, 1990.1329, 355.37
1990, 2, 25, 1990.1521, 355.12
1990, 3, 4, 1990.1712, 355.70
1990, 3, 11, 1990.1904, 355.73
1990, 3, 18, 1990.2096, 355.48
1990, 3, 25, 1990.2288, 356.07
1990, 4, 1, 1990.2479, 356.21
1990, 4, 8, 1990.2671, 356.11
1990, 4, 15, 1990.2863, 356.16
1990, 4, 22, 1990.3055, 356.81
1990, 4, 29, 1990.3247, 356.93
1990, 5, 6, 1990.3438, 357.65
1990, 5, 13, 1990.3630, 357.20
1990, 5, 20, 1990.3822, 357.28
1990, 5, 27, 1990.4014, 357.33
1990, 6, 3, 1990.4205, 356.93
1990, 6, 10, 1990.4397, 356.20
1990, 6, 17, 1990.4589, 356.13
1990, 6, 24, 1990.4781, 355.74
1990, 7, 1, 1990.4973, 356.17
1990, 7, 8, 1990.5164, 354.95
1990, 7, 15, 1990.5356, 354.25
1990, 7, 22, 1990.5548, 354.33
1990, 7, 29, 1990.5740, 353.95
1990, 8, 5, 1990.5932, 353.13
1990, 8, 12, 1990.6123, 353.41
1990, 8, 19, 1990.6315, 353.01
1990, 8, 26, 1990.6507, 351.73
1990, 9, 2, 1990.6699, 351.09
1990, 9, 9, 1990.6890, 350.80
1990, 9, 16, 1990.7082, 351.69
1990, 9, 23, 1990.7274, 351.39
1990, 9, 30, 1990.7466, 351.33
1990, 10, 7, 1990.7658, 351.48
1990, 10, 14, 1990.7849, 351.51
1990, 10, 21, 1990.8041, 351.65
1990, 10, 28, 1990.8233, 352.33
1990, 11, 4, 1990.8425, 352.64
1990, 11, 11, 1990.8616, 353.08
1990, 11, 18, 1990.8808, 353.38
1990, 11, 25, 1990.9000, 353.62
1990, 12, 2, 1990.9192, 353.83
1990, 12, 9, 1990.9384, 354.39
1990, 12, 16, 1990.9575, 354.26
1990, 12, 23, 1990.9767, 354.75
1990, 12, 30, 1990.9959, 354.71
1991, 1, 6, 1991.0151, 354.50
1991, 1, 13, 1991.0342, 354.93
1991, 1, 20, 1991.0534, 354.85
1991, 1, 27, 1991.0726, 355.52
1991, 2, 3, 1991.0918, 355.23
1991, 2, 10, 1991.1110, 355.78
1991, 2, 17, 1991.1301, 356.43
1991, 2, 24, 1991.1493, 355.73
1991, 3, 3, 1991.1685, 357.08
1991, 3, 10, 1991.1877, 357.65
1991, 3, 17, 1991.2068, 357.17
1991, 3, 24, 1991.2260, 357.39
1991, 3, 31, 1991.2452, 358.34
1991, 4, 7, 1991.2644, 357.97
1991, 4, 14, 1991.2836, 358.65
1991, 4, 21, 1991.3027, 359.26
1991, 4, 28, 1991.3219, 359.19
1991, 5, 5, 1991.3411, 358.86
1991, 5, 12, 1991.3603, 359.34
1991, 5, 19, 1991.3795, 359.65
1991, 5, 26, 1991.3986, 358.74
1991, 6, 2, 1991.4178, 358.28
1991, 6, 9, 1991.4370, 358.45
1991, 6, 16, 1991.4562, 358.07
1991, 6, 23, 1991.4753, 357.80
1991, 6, 30, 1991.4945, 357.20
1991, 7, 7, 1991.5137, 356.67
1991, 7, 14, 1991.5329, 356.13
1991, 7, 21, 1991.5521, 355.15
1991, 7, 28, 1991.5712, 355.45
1991, 8, 4, 1991.5904, 354.50
1991, 8, 11, 1991.6096, 354.29
1991, 8, 18, 1991.6288, 353.21
1991, 8, 25, 1991.6479, 353.01
1991, 9, 1, 1991.6671, 353.04
1991, 9, 8, 1991.6863, 352.51
1991, 9, 15, 1991.7055, 351.86
1991, 9, 22, 1991.7247, 351.88
1991, 9, 29, 1991.7438, 351.66
1991, 10, 6, 1991.7630, 352.05
1991, 10, 13, 1991.7822, 352.52
1991, 10, 20, 1991.8014, 352.69
1991, 10, 27, 1991.8205, 352.94
1991, 11, 3, 1991.8397, 353.75
1991, 11, 10, 1991.8589, 353.71
1991, 11, 17, 1991.8781, 353.83
1991, 11, 24, 1991.8973, 354.10
1991, 12, 1, 1991.9164, 354.56
1991, 12, 8, 1991.9356, 354.90
1991, 12, 15, 1991.9548, 355.14
1991, 12, 22, 1991.9740, 355.50
1991, 12, 29, 1991.9932, 356.46
1992, 1, 5, 1992.0123, 356.11
1992, 1, 12, 1992.0314, 356.25
1992, 1, 19, 1992.0505, 356.29
1992, 1, 26, 1992.0697, 356.09
1992, 2, 2, 1992.0888, 356.89
1992, 2, 9, 1992.1079, 357.12
1992, 2, 16, 1992.1270, 357.29
1992, 2, 23, 1992.1462, 357.26
1992, 3, 1, 1992.1653, 356.62
1992, 3, 8, 1992.1844, 357.87
1992, 3, 15, 1992.2036, 358.30
1992, 3, 22, 1992.2227, 358.77
1992, 3, 29, 1992.2418, 357.96
1992, 4, 5, 1992.2609, 359.13
1992, 4, 12, 1992.2801, 359.16
1992, 4, 19, 1992.2992, 359.65
1992, 4, 26, 1992.3183, 359.26
1992, 5, 3, 1992.3374, 359.69
1992, 5, 10, 1992.3566, 358.94
1992, 5, 17, 1992.3757, 359.13
1992, 5, 24, 1992.3948, 360.40
1992, 5, 31, 1992.4139, 360.47
1992, 6, 7, 1992.4331, 359.77
1992, 6, 14, 1992.4522, 358.88
1992, 6, 21, 1992.4713, 358.64
1992, 6, 28, 1992.4904, 358.77
1992, 7, 5, 1992.5096, 357.68
1992, 7, 12, 1992.5287, 356.93
1992, 7, 19, 1992.5478, 356.36
1992, 7, 26, 1992.5669, 355.61
1992, 8, 2, 1992.5861, 355.27
1992, 8, 9, 1992.6052, 355.62
1992, 8, 16, 1992.6243, 355.33
1992, 8, 23, 1992.6434, 354.34
1992, 8, 30, 1992.6626, 352.89
1992, 9, 6, 1992.6817, 354.07
1992, 9, 13, 1992.7008, 352.87
1992, 9, 20, 1992.7199, 352.60
1992, 9, 27, 1992.7391, 352.86
1992, 10, 4, 1992.7582, 353.24
1992, 10, 11, 1992.7773, 353.58
1992, 10, 18, 1992.7964, 353.20
1992, 10, 25, 1992.8156, 353.17
1992, 11, 1, 1992.8347, 354.26
1992, 11, 8, 1992.8538, 353.94
1992, 11, 15, 1992.8730, 354.16
1992, 11, 22, 1992.8921, 354.72
1992, 11, 29, 1992.9112, 354.84
1992, 12, 6, 1992.9303, 355.28
1992, 12, 13, 1992.9495, 355.44
1992, 12, 20, 1992.9686, 355.99
1992, 12, 27, 1992.9877, 356.28
1993, 1, 3, 1993.0068, 356.93
1993, 1, 10, 1993.0260, 357.22
1993, 1, 17, 1993.0452, 356.85
1993, 1, 24, 1993.0644, 357.05
1993, 1, 31, 1993.0836, 357.28
1993, 2, 7, 1993.1027, 356.99
1993, 2, 14, 1993.1219, 357.16
1993, 2, 21, 1993.1411, 357.79
1993, 2, 28, 1993.1603, 358.57
1993, 3, 7, 1993.1795, 358.32
1993, 3, 14, 1993.1986, 358.67
1993, 3, 21, 1993.2178, 357.84
1993, 3, 28, 1993.2370, 359.19
1993, 4, 4, 1993.2562, 358.83
1993, 4, 11, 1993.2753, 359.10
1993, 4, 18, 1993.2945, 359.63
1993, 4, 25, 1993.3137, 359.75
1993, 5, 2, 1993.3329, 359.47
1993, 5, 9, 1993.3521, 360.12
1993, 5, 16, 1993.3712, 360.55
1993, 5, 23, 1993.3904, 360.75
1993, 5, 30, 1993.4096, 359.99
1993, 6, 6, 1993.4288, 359.77
1993, 6, 13, 1993.4479, 359.65
1993, 6, 20, 1993.4671, 359.18
1993, 6, 27, 1993.4863, 358.69
1993, 7, 4, 1993.5055, 357.72
1993, 7, 11, 1993.5247, 357.72
1993, 7, 18, 1993.5438, 357.10
1993, 7, 25, 1993.5630, 356.53
1993, 8, 1, 1993.5822, 356.43
1993, 8, 8, 1993.6014, 355.77
1993, 8, 15, 1993.6205, 355.41
1993, 8, 22, 1993.6397, 354.83
1993, 8, 29, 1993.6589, 354.80
1993, 9, 5, 1993.6781, 354.18
1993, 9, 12, 1993.6973, 353.84
1993, 9, 19, 1993.7164, 353.99
1993, 9, 26, 1993.7356, 354.16
1993, 10, 3, 1993.7548, 354.06
1993, 10, 10, 1993.7740, 353.88
1993, 10, 17, 1993.7932, 354.36
1993, 10, 24, 1993.8123, 354.34
1993, 10, 31, 1993.8315, 354.63
1993, 11, 7, 1993.8507, 355.01
1993, 11, 14, 1993.8699, 355.61
1993, 11, 21, 1993.8890, 355.99
1993, 11, 28, 1993.9082, 356.14
1993, 12, 5, 1993.9274, 356.52
1993, 12, 12, 1993.9466, 356.64
1993, 12, 19, 1993.9658, 357.53
1993, 12, 26, 1993.9849, 357.48
1994, 1, 2, 1994.0041, 358.11
1994, 1, 9, 1994.0233, 358.12
1994, 1, 16, 1994.0425, 358.40
1994, 1, 23, 1994.0616, 358.24
1994, 1, 30, 1994.0808, 358.28
1994, 2, 6, 1994.1000, 358.92
1994, 2, 13, 1994.1192, 358.64
1994, 2, 20, 1994.1384, 359.39
1994, 2, 27, 1994.1575, 358.88
1994, 3, 6, 1994.1767, 359.35
1994, 3, 13, 1994.1959, 360.46
1994, 3, 20, 1994.2151, 360.60
1994, 3, 27, 1994.2342, 360.81
1994, 4, 3, 1994.2534, 361.09
1994, 4, 10, 1994.2726, 361.01
1994, 4, 17, 1994.2918, 361.30
1994, 4, 24, 1994.3110, 361.81
1994, 5, 1, 1994.3301, 361.98
1994, 5, 8, 1994.3493, 361.38
1994, 5, 15, 1994.3685, 361.70
1994, 5, 22, 1994.3877, 361.51
1994, 5, 29, 1994.4068, 361.41
1994, 6, 5, 1994.4260, 360.89
1994, 6, 12, 1994.4452, 360.89
1994, 6, 19, 1994.4644, 360.82
1994, 6, 26, 1994.4836, 360.02
1994, 7, 3, 1994.5027, 359.95
1994, 7, 10, 1994.5219, 359.64
1994, 7, 17, 1994.5411, 359.21
1994, 7, 24, 1994.5603, 358.83
1994, 7, 31, 1994.5795, 358.45
1994, 8, 7, 1994.5986, 357.88
1994, 8, 14, 1994.6178, 357.70
1994, 8, 21, 1994.6370, 356.87
1994, 8, 28, 1994.6562, 356.19
1994, 9, 4, 1994.6753, 356.48
1994, 9, 11, 1994.6945, 355.26
1994, 9, 18, 1994.7137, 355.67
1994, 9, 25, 1994.7329, 355.35
1994, 10, 2, 1994.7521, 355.70
1994, 10, 9, 1994.7712, 355.85
1994, 10, 16, 1994.7904, 356.14
1994, 10, 23, 1994.8096, 356.56
1994, 10, 30, 1994.8288, 356.68
1994, 11, 6, 1994.8479, 356.97
1994, 11, 13, 1994.8671, 358.15
1994, 11, 20, 1994.8863, 357.65
1994, 11, 27, 1994.9055, 358.07
1994, 12, 4, 1994.9247, 358.74
1994, 12, 11, 1994.9438, 359.38
1994, 12, 18, 1994.9630, 358.82
1994, 12, 25, 1994.9822, 359.34
1995, 1, 1, 1995.0014, 359.70
1995, 1, 8, 1995.0205, 359.54
1995, 1, 15, 1995.0397, 360.37
1995, 1, 22, 1995.0589, 360.03
1995, 1, 29, 1995.0781, 360.14
1995, 2, 5, 1995.0973, 360.76
1995, 2, 12, 1995.1164, 361.05
1995, 2, 19, 1995.1356, 361.01
1995, 2, 26, 1995.1548, 361.68
1995, 3, 5, 1995.1740, 361.78
1995, 3, 12, 1995.1932, 361.10
1995, 3, 19, 1995.2123, 361.76
1995, 3, 26, 1995.2315, 362.84
1995, 4, 2, 1995.2507, 363.75
1995, 4, 9, 1995.2699, 362.81
1995, 4, 16, 1995.2890, 363.01
1995, 4, 23, 1995.3082, 363.51
1995, 4, 30, 1995.3274, 362.83
1995, 5, 7, 1995.3466, 363.85
1995, 5, 14, 1995.3658, 364.40
1995, 5, 21, 1995.3849, 363.67
1995, 5, 28, 1995.4041, 363.67
1995, 6, 4, 1995.4233, 363.79
1995, 6, 11, 1995.4425, 363.05
1995, 6, 18, 1995.4616, 362.91
1995, 6, 25, 1995.4808, 362.44
1995, 7, 2, 1995.5000, 362.31
1995, 7, 9, 1995.5192, 362.10
1995, 7, 16, 1995.5384, 361.42
1995, 7, 23, 1995.5575, 360.99
1995, 7, 30, 1995.5767, 360.14
1995, 8, 6, 1995.5959, 359.76
1995, 8, 13, 1995.6151, 358.76
1995, 8, 20, 1995.6342, 358.66
1995, 8, 27, 1995.6534, 357.84
1995, 9, 3, 1995.6726, 358.31
1995, 9, 10, 1995.6918, 358.58
1995, 9, 17, 1995.7110, 358.77
1995, 9, 24, 1995.7301, 357.59
1995, 10, 1, 1995.7493, 357.81
1995, 10, 8, 1995.7685, 357.72
1995, 10, 15, 1995.7877, 357.99
1995, 10, 22, 1995.8068, 358.23
1995, 10, 29, 1995.8260, 358.83
1995, 11, 5, 1995.8452, 359.09
1995, 11, 12, 1995.8644, 359.49
1995, 11, 19, 1995.8836, 359.80
1995, 11, 26, 1995.9027, 359.82
1995, 12, 3, 1995.9219, 360.21
1995, 12, 10, 1995.9411, 360.55
1995, 12, 17, 1995.9603, 360.62
1995, 12, 24, 1995.9795, 361.40
1995, 12, 31, 1995.9986, 361.84
1996, 1, 7, 1996.0178, 362.19
1996, 1, 14, 1996.0369, 361.91
1996, 1, 21, 1996.0560, 362.21
1996, 1, 28, 1996.0751, 362.34
1996, 2, 4, 1996.0943, 362.92
1996, 2, 11, 1996.1134, 363.03
1996, 2, 18, 1996.1325, 363.57
1996, 2, 25, 1996.1516, 363.93
1996, 3, 3, 1996.1708, 364.09
1996, 3, 10, 1996.1899, 363.69
1996, 3, 17, 1996.2090, 364.45
1996, 3, 24, 1996.2281, 364.49
1996, 3, 31, 1996.2473, 364.25
1996, 4, 7, 1996.2664, 364.61
1996, 4, 14, 1996.2855, 364.70
1996, 4, 21, 1996.3046, 364.55
1996, 4, 28, 1996.3238, 365.02
1996, 5, 5, 1996.3429, 364.69
1996, 5, 12, 1996.3620, 365.47
1996, 5, 19, 1996.3811, 365.28
1996, 5, 26, 1996.4003, 365.04
1996, 6, 2, 1996.4194, 364.97
1996, 6, 9, 1996.4385, 365.28
1996, 6, 16, 1996.4577, 365.07
1996, 6, 23, 1996.4768, 364.50
1996, 6, 30, 1996.4959, 364.42
1996, 7, 7, 1996.5150, 363.82
1996, 7, 14, 1996.5342, 363.50
1996, 7, 21, 1996.5533, 363.12
1996, 7, 28, 1996.5724, 362.04
1996, 8, 4, 1996.5915, 362.03
1996, 8, 11, 1996.6107, 361.79
1996, 8, 18, 1996.6298, 361.01
1996, 8, 25, 1996.6489, 360.86
1996, 9, 1, 1996.6680, 360.08
1996, 9, 8, 1996.6872, 359.94
1996, 9, 15, 1996.7063, 359.01
1996, 9, 22, 1996.7254, 359.22
1996, 9, 29, 1996.7445, 359.29
1996, 10, 6, 1996.7637, 359.44
1996, 10, 13, 1996.7828, 359.76
1996, 10, 20, 1996.8019, 359.52
1996, 10, 27, 1996.8210, 359.98
1996, 11, 3, 1996.8402, 360.27
1996, 11, 10, 1996.8593, 360.85
1996, 11, 17, 1996.8784, 361.37
1996, 11, 24, 1996.8975, 361.25
1996, 12, 1, 1996.9167, 361.63
1996, 12, 8, 1996.9358, 362.23
1996, 12, 15, 1996.9549, 362.48
1996, 12, 22, 1996.9740, 362.32
1996, 12, 29, 1996.9932, 362.76
1997, 1, 5, 1997.0123, 362.96
1997, 1, 12, 1997.0315, 362.97
1997, 1, 19, 1997.0507, 363.50
1997, 1, 26, 1997.0699, 363.20
1997, 2, 2, 1997.0890, 363.56
1997, 2, 9, 1997.1082, 364.29
1997, 2, 16, 1997.1274, 363.64
1997, 2, 23, 1997.1466, 364.74
1997, 3, 2, 1997.1658, 363.87
1997, 3, 9, 1997.1849, 364.16
1997, 3, 16, 1997.2041, 364.63
1997, 3, 23, 1997.2233, 365.19
1997, 3, 30, 1997.2425, 365.74
1997, 4, 6, 1997.2616, 365.96
1997, 4, 13, 1997.2808, 366.50
1997, 4, 20, 1997.3000, 366.70
1997, 4, 27, 1997.3192, 366.61
1997, 5, 4, 1997.3384, 366.48
1997, 5, 11, 1997.3575, 366.82
1997, 5, 18, 1997.3767, 367.01
1997, 5, 25, 1997.3959, 366.24
1997, 6, 1, 1997.4151, 366.07
1997, 6, 8, 1997.4342, 365.76
1997, 6, 15, 1997.4534, 365.35
1997, 6, 22, 1997.4726, 365.22
1997, 6, 29, 1997.4918, 365.10
1997, 7, 6, 1997.5110, 364.78
1997, 7, 13, 1997.5301, 364.47
1997, 7, 20, 1997.5493, 363.60
1997, 7, 27, 1997.5685, 363.58
1997, 8, 3, 1997.5877, 363.19
1997, 8, 10, 1997.6068, 362.63
1997, 8, 17, 1997.6260, 361.19
1997, 8, 24, 1997.6452, 361.54
1997, 8, 31, 1997.6644, 361.44
1997, 9, 7, 1997.6836, 360.08
1997, 9, 14, 1997.7027, 360.33
1997, 9, 21, 1997.7219, 359.88
1997, 9, 28, 1997.7411, 359.99
1997, 10, 5, 1997.7603, 360.53
1997, 10, 12, 1997.7795, 360.72
1997, 10, 19, 1997.7986, 361.02
1997, 10, 26, 1997.8178, 361.30
1997, 11, 2, 1997.8370, 362.05
1997, 11, 9, 1997.8562, 362.14
1997, 11, 16, 1997.8753, 362.52
1997, 11, 23, 1997.8945, 363.27
1997, 11, 30, 1997.9137, 363.95
1997, 12, 7, 1997.9329, 364.04
1997, 12, 14, 1997.9521, 364.33
1997, 12, 21, 1997.9712, 364.75
1997, 12, 28, 1997.9904, 365.03
1998, 1, 4, 1998.0096, 365.31
1998, 1, 11, 1998.0288, 365.31
1998, 1, 18, 1998.0479, 365.10
1998, 1, 25, 1998.0671, 365.38
1998, 2, 1, 1998.0863, 365.97
1998, 2, 8, 1998.1055, 365.62
1998, 2, 15, 1998.1247, 365.67
1998, 2, 22, 1998.1438, 366.67
1998, 3, 1, 1998.1630, 367.10
1998, 3, 8, 1998.1822, 366.66
1998, 3, 15, 1998.2014, 366.83
1998, 3, 22, 1998.2205, 367.77
1998, 3, 29, 1998.2397, 368.81
1998, 4, 5, 1998.2589, 368.34
1998, 4, 12, 1998.2781, 368.47
1998, 4, 19, 1998.2973, 368.35
1998, 4, 26, 1998.3164, 369.55
1998, 5, 3, 1998.3356, 369.72
1998, 5, 10, 1998.3548, 368.32
1998, 5, 17, 1998.3740, 369.58
1998, 5, 24, 1998.3932, 369.94
1998, 5, 31, 1998.4123, 369.61
1998, 6, 7, 1998.4315, 369.14
1998, 6, 14, 1998.4507, 368.80
1998, 6, 21, 1998.4699, 368.75
1998, 6, 28, 1998.4890, 368.19
1998, 7, 5, 1998.5082, 368.41
1998, 7, 12, 1998.5274, 367.73
1998, 7, 19, 1998.5466, 367.90
1998, 7, 26, 1998.5658, 367.10
1998, 8, 2, 1998.5849, 366.90
1998, 8, 9, 1998.6041, 366.23
1998, 8, 16, 1998.6233, 365.54
1998, 8, 23, 1998.6425, 365.34
1998, 8, 30, 1998.6616, 364.74
1998, 9, 6, 1998.6808, 364.32
1998, 9, 13, 1998.7000, 363.65
1998, 9, 20, 1998.7192, 363.51
1998, 9, 27, 1998.7384, 364.06
1998, 10, 4, 1998.7575, 364.10
1998, 10, 11, 1998.7767, 364.30
1998, 10, 18, 1998.7959, 364.53
1998, 10, 25, 1998.8151, 364.79
1998, 11, 1, 1998.8342, 364.94
1998, 11, 8, 1998.8534, 365.39
1998, 11, 15, 1998.8726, 365.95
1998, 11, 22, 1998.8918, 365.82
1998, 11, 29, 1998.9110, 366.59
1998, 12, 6, 1998.9301, 366.80
1998, 12, 13, 1998.9493, 367.15
1998, 12, 20, 1998.9685, 367.28
1998, 12, 27, 1998.9877, 367.63
1999, 1, 3, 1999.0068, 367.80
1999, 1, 10, 1999.0260, 368.10
1999, 1, 17, 1999.0452, 367.82
1999, 1, 24, 1999.0644, 369.08
1999, 1, 31, 1999.0836, 369.27
1999, 2, 7, 1999.1027, 369.11
1999, 2, 14, 1999.1219, 368.62
1999, 2, 21, 1999.1411, 369.08
1999, 2, 28, 1999.1603, 368.03
1999, 3, 7, 1999.1795, 369.24
1999, 3, 14, 1999.1986, 370.18
1999, 3, 21, 1999.2178, 370.56
1999, 3, 28, 1999.2370, 370.66
1999, 4, 4, 1999.2562, 371.73
1999, 4, 11, 1999.2753, 371.51
1999, 4, 18, 1999.2945, 370.29
1999, 4, 25, 1999.3137, 370.60
1999, 5, 2, 1999.3329, 371.52
1999, 5, 9, 1999.3521, 371.07
1999, 5, 16, 1999.3712, 370.58
1999, 5, 23, 1999.3904, 370.72
1999, 5, 30, 1999.4096, 370.71
1999, 6, 6, 1999.4288, 370.39
1999, 6, 13, 1999.4479, 370.41
1999, 6, 20, 1999.4671, 369.89
1999, 6, 27, 1999.4863, 369.78
1999, 7, 4, 1999.5055, 370.05
1999, 7, 11, 1999.5247, 370.13
1999, 7, 18, 1999.5438, 369.09
1999, 7, 25, 1999.5630, 368.27
1999, 8, 1, 1999.5822, 367.70
1999, 8, 8, 1999.6014, 367.35
1999, 8, 15, 1999.6205, 366.60
1999, 8, 22, 1999.6397, 366.27
1999, 8, 29, 1999.6589, 365.18
1999, 9, 5, 1999.6781, 364.36
1999, 9, 12, 1999.6973, 365.16
1999, 9, 19, 1999.7164, 365.05
1999, 9, 26, 1999.7356, 364.67
1999, 10, 3, 1999.7548, 365.15
1999, 10, 10, 1999.7740, 365.19
1999, 10, 17, 1999.7932, 365.60
1999, 10, 24, 1999.8123, 365.65
1999, 10, 31, 1999.8315, 365.98
1999, 11, 7, 1999.8507, 366.65
1999, 11, 14, 1999.8699, 366.76
1999, 11, 21, 1999.8890, 367.08
1999, 11, 28, 1999.9082, 367.44
1999, 12, 5, 1999.9274, 367.87
1999, 12, 12, 1999.9466, 367.89
1999, 12, 19, 1999.9658, 368.27
1999, 12, 26, 1999.9849, 368.73
2000, 1, 2, 2000.0041, 368.74
2000, 1, 9, 2000.0232, 368.87
2000, 1, 16, 2000.0423, 370.03
2000, 1, 23, 2000.0615, 370.08
2000, 1, 30, 2000.0806, 369.26
2000, 2, 6, 2000.0997, 369.61
2000, 2, 13, 2000.1189, 369.98
2000, 2, 20, 2000.1380, 369.36
2000, 2, 27, 2000.1571, 370.11
2000, 3, 5, 2000.1762, 370.07
2000, 3, 12, 2000.1954, 370.64
2000, 3, 19, 2000.2145, 370.93
2000, 3, 26, 2000.2336, 371.13
2000, 4, 2, 2000.2527, 371.06
2000, 4, 9, 2000.2719, 372.00
2000, 4, 16, 2000.2910, 372.33
2000, 4, 23, 2000.3101, 371.92
2000, 4, 30, 2000.3292, 370.91
2000, 5, 7, 2000.3484, 371.88
2000, 5, 14, 2000.3675, 371.50
2000, 5, 21, 2000.3866, 372.08
2000, 5, 28, 2000.4057, 371.87
2000, 6, 4, 2000.4249, 371.92
2000, 6, 11, 2000.4440, 371.67
2000, 6, 18, 2000.4631, 371.79
2000, 6, 25, 2000.4822, 371.25
2000, 7, 2, 2000.5014, 370.22
2000, 7, 9, 2000.5205, 370.15
2000, 7, 16, 2000.5396, 369.94
2000, 7, 23, 2000.5587, 369.19
2000, 7, 30, 2000.5779, 368.93
2000, 8, 6, 2000.5970, 368.48
2000, 8, 13, 2000.6161, 368.25
2000, 8, 20, 2000.6352, 367.56
2000, 8, 27, 2000.6544, 367.56
2000, 9, 3, 2000.6735, 367.18
2000, 9, 10, 2000.6926, 367.19
2000, 9, 17, 2000.7117, 366.74
2000, 9, 24, 2000.7309, 366.72
2000, 10, 1, 2000.7500, 366.65
2000, 10, 8, 2000.7691, 366.73
2000, 10, 15, 2000.7883, 366.99
2000, 10, 22, 2000.8074, 367.47
2000, 10, 29, 2000.8265, 367.85
2000, 11, 5, 2000.8456, 368.05
2000, 11, 12, 2000.8648, 368.59
2000, 11, 19, 2000.8839, 368.48
2000, 11, 26, 2000.9030, 368.69
2000, 12, 3, 2000.9221, 369.68
2000, 12, 10, 2000.9413, 369.66
2000, 12, 17, 2000.9604, 369.64
2000, 12, 24, 2000.9795, 369.86
2000, 12, 31, 2000.9986, 370.17
2001, 1, 7, 2001.0178, 370.30
2001, 1, 14, 2001.0370, 370.67
2001, 1, 21, 2001.0562, 370.52
2001, 1, 28, 2001.0753, 371.36
2001, 2, 4, 2001.0945, 371.58
2001, 2, 11, 2001.1137, 371.96
2001, 2, 18, 2001.1329, 371.48
2001, 2, 25, 2001.1521, 371.73
2001, 3, 4, 2001.1712, 372.19
2001, 3, 11, 2001.1904, 372.53
2001, 3, 18, 2001.2096, 372.54
2001, 3, 25, 2001.2288, 372.34
2001, 4, 1, 2001.2479, 372.45
2001, 4, 8, 2001.2671, 373.61
2001, 4, 15, 2001.2863, 373.70
2001, 4, 22, 2001.3055, 373.60
2001, 4, 29, 2001.3247, 373.55
2001, 5, 6, 2001.3438, 373.93
2001, 5, 13, 2001.3630, 373.74
2001, 5, 20, 2001.3822, 373.90
2001, 5, 27, 2001.4014, 373.87
2001, 6, 3, 2001.4205, 373.47
2001, 6, 10, 2001.4397, 373.05
2001, 6, 17, 2001.4589, 373.11
2001, 6, 24, 2001.4781, 373.02
2001, 7, 1, 2001.4973, 372.48
2001, 7, 8, 2001.5164, 371.34
2001, 7, 15, 2001.5356, 371.30
2001, 7, 22, 2001.5548, 370.87
2001, 7, 29, 2001.5740, 370.88
2001, 8, 5, 2001.5932, 369.92
2001, 8, 12, 2001.6123, 369.20
2001, 8, 19, 2001.6315, 369.32
2001, 8, 26, 2001.6507, 369.28
2001, 9, 2, 2001.6699, 368.33
2001, 9, 9, 2001.6890, 368.56
2001, 9, 16, 2001.7082, 368.05
2001, 9, 23, 2001.7274, 367.81
2001, 9, 30, 2001.7466, 368.07
2001, 10, 7, 2001.7658, 368.29
2001, 10, 14, 2001.7849, 368.18
2001, 10, 21, 2001.8041, 368.71
2001, 10, 28, 2001.8233, 369.12
2001, 11, 4, 2001.8425, 369.09
2001, 11, 11, 2001.8616, 369.83
2001, 11, 18, 2001.8808, 370.22
2001, 11, 25, 2001.9000, 370.44
2001, 12, 2, 2001.9192, 370.78
2001, 12, 9, 2001.9384, 371.23
2001, 12, 16, 2001.9575, 371.26
2001, 12, 23, 2001.9767, 371.69
2001, 12, 30, 2001.9959, 372.20
2002, 1, 6, 2002.0151, 372.20
2002, 1, 13, 2002.0342, 372.74
2002, 1, 20, 2002.0534, 372.58
2002, 1, 27, 2002.0726, 372.82
2002, 2, 3, 2002.0918, 372.95
2002, 2, 10, 2002.1110, 373.00
2002, 2, 17, 2002.1301, 373.08
2002, 2, 24, 2002.1493, 373.74
2002, 3, 3, 2002.1685, 373.88
2002, 3, 10, 2002.1877, 374.13
2002, 3, 17, 2002.2068, 374.64
2002, 3, 24, 2002.2260, 374.28
2002, 3, 31, 2002.2452, 374.26
2002, 4, 7, 2002.2644, 374.53
2002, 4, 14, 2002.2836, 375.23
2002, 4, 21, 2002.3027, 375.41
2002, 4, 28, 2002.3219, 376.05
2002, 5, 5, 2002.3411, 375.60
2002, 5, 12, 2002.3603, 375.07
2002, 5, 19, 2002.3795, 375.93
2002, 5, 26, 2002.3986, 376.24
2002, 6, 2, 2002.4178, 375.90
2002, 6, 9, 2002.4370, 375.45
2002, 6, 16, 2002.4562, 375.23
2002, 6, 23, 2002.4753, 375.49
2002, 6, 30, 2002.4945, 374.82
2002, 7, 7, 2002.5137, 374.47
2002, 7, 14, 2002.5329, 374.01
2002, 7, 21, 2002.5521, 373.34
2002, 7, 28, 2002.5712, 373.33
2002, 8, 4, 2002.5904, 372.57
2002, 8, 11, 2002.6096, 371.81
2002, 8, 18, 2002.6288, 371.33
2002, 8, 25, 2002.6479, 370.93
2002, 9, 1, 2002.6671, 370.26
2002, 9, 8, 2002.6863, 371.63
2002, 9, 15, 2002.7055, 370.83
2002, 9, 22, 2002.7247, 370.50
2002, 9, 29, 2002.7438, 369.88
2002, 10, 6, 2002.7630, 369.91
2002, 10, 13, 2002.7822, 371.24
2002, 10, 20, 2002.8014, 370.68
2002, 10, 27, 2002.8205, 371.06
2002, 11, 3, 2002.8397, 371.97
2002, 11, 10, 2002.8589, 371.86
2002, 11, 17, 2002.8781, 372.73
2002, 11, 24, 2002.8973, 372.77
2002, 12, 1, 2002.9164, 373.04
2002, 12, 8, 2002.9356, 373.59
2002, 12, 15, 2002.9548, 373.57
2002, 12, 22, 2002.9740, 374.47
2002, 12, 29, 2002.9932, 374.69
2003, 1, 5, 2003.0123, 374.55
2003, 1, 12, 2003.0315, 375.02
2003, 1, 19, 2003.0507, 374.92
2003, 1, 26, 2003.0699, 375.30
2003, 2, 2, 2003.0890, 375.17
2003, 2, 9, 2003.1082, 375.11
2003, 2, 16, 2003.1274, 376.38
2003, 2, 23, 2003.1466, 376.02
2003, 3, 2, 2003.1658, 376.30
2003, 3, 9, 2003.1849, 376.36
2003, 3, 16, 2003.2041, 375.96
2003, 3, 23, 2003.2233, 377.00
2003, 3, 30, 2003.2425, 376.85
2003, 4, 6, 2003.2616, 377.13
2003, 4, 13, 2003.2808, 377.79
2003, 4, 20, 2003.3000, 378.35
2003, 4, 27, 2003.3192, 378.63
2003, 5, 4, 2003.3384, 378.07
2003, 5, 11, 2003.3575, 378.07
2003, 5, 18, 2003.3767, 379.43
2003, 5, 25, 2003.3959, 378.72
2003, 6, 1, 2003.4151, 378.42
2003, 6, 8, 2003.4342, 378.49
2003, 6, 15, 2003.4534, 378.12
2003, 6, 22, 2003.4726, 378.31
2003, 6, 29, 2003.4918, 377.58
2003, 7, 6, 2003.5110, 376.57
2003, 7, 13, 2003.5301, 377.23
2003, 7, 20, 2003.5493, 376.39
2003, 7, 27, 2003.5685, 375.91
2003, 8, 3, 2003.5877, 374.94
2003, 8, 10, 2003.6068, 374.67
2003, 8, 17, 2003.6260, 373.89
2003, 8, 24, 2003.6452, 373.44
2003, 8, 31, 2003.6644, 373.21
2003, 9, 7, 2003.6836, 373.12
2003, 9, 14, 2003.7027, 372.88
2003, 9, 21, 2003.7219, 373.35
2003, 9, 28, 2003.7411, 373.28
2003, 10, 5, 2003.7603, 372.92
2003, 10, 12, 2003.7795, 372.79
2003, 10, 19, 2003.7986, 373.43
2003, 10, 26, 2003.8178, 373.40
2003, 11, 2, 2003.8370, 373.96
2003, 11, 9, 2003.8562, 374.52
2003, 11, 16, 2003.8753, 374.89
2003, 11, 23, 2003.8945, 375.27
2003, 11, 30, 2003.9137, 375.32
2003, 12, 7, 2003.9329, 375.74
2003, 12, 14, 2003.9521, 376.34
2003, 12, 21, 2003.9712, 376.14
2003, 12, 28, 2003.9904, 376.35
2004, 1, 4, 2004.0096, 376.34
2004, 1, 11, 2004.0287, 376.95
2004, 1, 18, 2004.0478, 377.12
2004, 1, 25, 2004.0669, 377.95
2004, 2, 1, 2004.0861, 377.87
2004, 2, 8, 2004.1052, 378.43
2004, 2, 15, 2004.1243, 377.49
2004, 2, 22, 2004.1434, 377.62
2004, 2, 29, 2004.1626, 378.29
2004, 3, 7, 2004.1817, 378.96
2004, 3, 14, 2004.2008, 379.23
2004, 3, 21, 2004.2199, 378.50
2004, 3, 28, 2004.2391, 379.72
2004, 4, 4, 2004.2582, 380.00
2004, 4, 11, 2004.2773, 380.73
2004, 4, 18, 2004.2964, 380.38
2004, 4, 25, 2004.3156, 380.64
2004, 5, 2, 2004.3347, 380.72
2004, 5, 9, 2004.3538, 380.71
2004, 5, 16, 2004.3730, 380.25
2004, 5, 23, 2004.3921, 381.07
2004, 5, 30, 2004.4112, 379.94
2004, 6, 6, 2004.4303, 380.09
2004, 6, 13, 2004.4495, 380.16
2004, 6, 20, 2004.4686, 379.37
2004, 6, 27, 2004.4877, 379.14
2004, 7, 4, 2004.5068, 378.33
2004, 7, 11, 2004.5260, 377.89
2004, 7, 18, 2004.5451, 376.74
2004, 7, 25, 2004.5642, 376.42
2004, 8, 1, 2004.5833, 376.76
2004, 8, 8, 2004.6025, 376.26
2004, 8, 15, 2004.6216, 375.77
2004, 8, 22, 2004.6407, 376.09
2004, 8, 29, 2004.6598, 373.99
2004, 9, 5, 2004.6790, 374.44
2004, 9, 12, 2004.6981, 374.05
2004, 9, 19, 2004.7172, 374.40
2004, 9, 26, 2004.7363, 374.31
2004, 10, 3, 2004.7555, 373.98
2004, 10, 10, 2004.7746, 374.22
2004, 10, 17, 2004.7937, 374.57
2004, 10, 24, 2004.8128, 374.96
2004, 10, 31, 2004.8320, 375.31
2004, 11, 7, 2004.8511, 375.44
2004, 11, 14, 2004.8702, 376.80
2004, 11, 21, 2004.8893, 376.73
2004, 11, 28, 2004.9085, 376.82
2004, 12, 5, 2004.9276, 377.54
2004, 12, 12, 2004.9467, 377.24
2004, 12, 19, 2004.9658, 377.78
2004, 12, 26, 2004.9850, 377.83
2005, 1, 2, 2005.0041, 378.21
2005, 1, 9, 2005.0233, 378.44
2005, 1, 16, 2005.0425, 378.35
2005, 1, 23, 2005.0616, 378.63
2005, 1, 30, 2005.0808, 379.42
2005, 2, 6, 2005.1000, 379.23
2005, 2, 13, 2005.1192, 379.92
2005, 2, 20, 2005.1384, 379.87
2005, 2, 27, 2005.1575, 381.36
2005, 3, 6, 2005.1767, 380.06
2005, 3, 13, 2005.1959, 381.28
2005, 3, 20, 2005.2151, 380.22
2005, 3, 27, 2005.2342, 381.76
2005, 4, 3, 2005.2534, 382.30
2005, 4, 10, 2005.2726, 382.10
2005, 4, 17, 2005.2918, 382.18
2005, 4, 24, 2005.3110, 382.57
2005, 5, 1, 2005.3301, 381.94
2005, 5, 8, 2005.3493, 381.98
2005, 5, 15, 2005.3685, 382.63
2005, 5, 22, 2005.3877, 383.01
2005, 5, 29, 2005.4068, 382.79
2005, 6, 5, 2005.4260, 382.63
2005, 6, 12, 2005.4452, 382.41
2005, 6, 19, 2005.4644, 381.95
2005, 6, 26, 2005.4836, 381.36
2005, 7, 3, 2005.5027, 381.11
2005, 7, 10, 2005.5219, 380.85
2005, 7, 17, 2005.5411, 380.74
2005, 7, 24, 2005.5603, 380.14
2005, 7, 31, 2005.5795, 379.83
2005, 8, 7, 2005.5986, 378.90
2005, 8, 14, 2005.6178, 378.83
2005, 8, 21, 2005.6370, 378.00
2005, 8, 28, 2005.6562, 377.95
2005, 9, 4, 2005.6753, 377.32
2005, 9, 11, 2005.6945, 376.16
2005, 9, 18, 2005.7137, 376.35
2005, 9, 25, 2005.7329, 376.46
2005, 10, 2, 2005.7521, 376.65
2005, 10, 9, 2005.7712, 376.91
2005, 10, 16, 2005.7904, -999.99
2005, 10, 23, 2005.8096, 377.52
2005, 10, 30, 2005.8288, 377.80
2005, 11, 6, 2005.8479, 377.94
2005, 11, 13, 2005.8671, 378.86
2005, 11, 20, 2005.8863, 378.48
2005, 11, 27, 2005.9055, 379.02
2005, 12, 4, 2005.9247, 379.93
2005, 12, 11, 2005.9438, 380.18
2005, 12, 18, 2005.9630, 380.24
2005, 12, 25, 2005.9822, 380.49
2006, 1, 1, 2006.0014, 381.26
2006, 1, 8, 2006.0205, 381.20
2006, 1, 15, 2006.0397, 381.55
2006, 1, 22, 2006.0589, 381.62
2006, 1, 29, 2006.0781, 381.62
2006, 2, 5, 2006.0973, 382.28
2006, 2, 12, 2006.1164, 382.59
2006, 2, 19, 2006.1356, 381.94
2006, 2, 26, 2006.1548, 382.14
2006, 3, 5, 2006.1740, 382.89
2006, 3, 12, 2006.1932, 382.89
2006, 3, 19, 2006.2123, 382.91
2006, 3, 26, 2006.2315, 382.43
2006, 4, 2, 2006.2507, 384.17
2006, 4, 9, 2006.2699, 384.74
2006, 4, 16, 2006.2890, 384.86
2006, 4, 23, 2006.3082, 384.76
2006, 4, 30, 2006.3274, 384.88
2006, 5, 7, 2006.3466, 385.03
2006, 5, 14, 2006.3658, 385.32
2006, 5, 21, 2006.3849, 384.96
2006, 5, 28, 2006.4041, 384.66
2006, 6, 4, 2006.4233, 384.18
2006, 6, 11, 2006.4425, 384.28
2006, 6, 18, 2006.4616, 383.93
2006, 6, 25, 2006.4808, 383.44
2006, 7, 2, 2006.5000, 383.11
2006, 7, 9, 2006.5192, 382.83
2006, 7, 16, 2006.5384, 381.80
2006, 7, 23, 2006.5575, 382.11
2006, 7, 30, 2006.5767, 381.51
2006, 8, 6, 2006.5959, 380.59
2006, 8, 13, 2006.6151, 380.40
2006, 8, 20, 2006.6342, 379.79
2006, 8, 27, 2006.6534, 379.55
2006, 9, 3, 2006.6726, 378.69
2006, 9, 10, 2006.6918, 379.14
2006, 9, 17, 2006.7110, 378.66
2006, 9, 24, 2006.7301, 378.87
2006, 10, 1, 2006.7493, 378.92
2006, 10, 8, 2006.7685, 378.90
2006, 10, 15, 2006.7877, 378.93
2006, 10, 22, 2006.8068, 379.48
2006, 10, 29, 2006.8260, 379.64
2006, 11, 5, 2006.8452, 379.76
2006, 11, 12, 2006.8644, 380.00
2006, 11, 19, 2006.8836, 380.38
2006, 11, 26, 2006.9027, 381.24
2006, 12, 3, 2006.9219, 381.47
2006, 12, 10, 2006.9411, 381.70
2006, 12, 17, 2006.9603, 382.18
2006, 12, 24, 2006.9795, 382.00
2006, 12, 31, 2006.9986, 382.08
2007, 1, 7, 2007.0178, 382.92
2007, 1, 14, 2007.0370, 382.43
2007, 1, 21, 2007.0562, 383.55
2007, 1, 28, 2007.0753, 383.67
2007, 2, 4, 2007.0945, 383.26
2007, 2, 11, 2007.1137, 384.81
2007, 2, 18, 2007.1329, 384.71
2007, 2, 25, 2007.1521, 384.00
2007, 3, 4, 2007.1712, 383.41
2007, 3, 11, 2007.1904, 384.33
2007, 3, 18, 2007.2096, 385.08
2007, 3, 25, 2007.2288, 385.85
2007, 4, 1, 2007.2479, 385.85
2007, 4, 8, 2007.2671, 385.78
2007, 4, 15, 2007.2863, 387.29
2007, 4, 22, 2007.3055, 386.96
2007, 4, 29, 2007.3247, 386.60
2007, 5, 6, 2007.3438, 386.25
2007, 5, 13, 2007.3630, 386.65
2007, 5, 20, 2007.3822, 386.51
2007, 5, 27, 2007.4014, 386.91
2007, 6, 3, 2007.4205, 386.90
2007, 6, 10, 2007.4397, 386.43
2007, 6, 17, 2007.4589, 385.70
2007, 6, 24, 2007.4781, 385.04
2007, 7, 1, 2007.4973, 385.38
2007, 7, 8, 2007.5164, 385.12
2007, 7, 15, 2007.5356, 384.08
2007, 7, 22, 2007.5548, 383.80
2007, 7, 29, 2007.5740, 382.87
2007, 8, 5, 2007.5932, 382.39
2007, 8, 12, 2007.6123, 381.87
2007, 8, 19, 2007.6315, 382.09
2007, 8, 26, 2007.6507, 381.62
2007, 9, 2, 2007.6699, 381.52
2007, 9, 9, 2007.6890, 380.65
2007, 9, 16, 2007.7082, 380.79
2007, 9, 23, 2007.7274, 380.67
2007, 9, 30, 2007.7466, 380.87
2007, 10, 7, 2007.7658, 380.94
2007, 10, 14, 2007.7849, 381.02
2007, 10, 21, 2007.8041, 381.34
2007, 10, 28, 2007.8233, 381.75
2007, 11, 4, 2007.8425, 382.01
2007, 11, 11, 2007.8616, 382.21
2007, 11, 18, 2007.8808, 383.04
2007, 11, 25, 2007.9000, 382.87
2007, 12, 2, 2007.9192, 383.66
2007, 12, 9, 2007.9384, 383.68
2007, 12, 16, 2007.9575, 384.38
2007, 12, 23, 2007.9767, 383.88
2007, 12, 30, 2007.9959, 384.76
2008, 1, 6, 2008.0150, 384.39
2008, 1, 13, 2008.0342, 385.79
2008, 1, 20, 2008.0533, 385.99
2008, 1, 27, 2008.0724, 386.76
2008, 2, 3, 2008.0915, 386.01
2008, 2, 10, 2008.1107, 385.95
2008, 2, 17, 2008.1298, 385.30
2008, 2, 24, 2008.1489, 385.36
2008, 3, 2, 2008.1680, 385.81
2008, 3, 9, 2008.1872, 385.72
2008, 3, 16, 2008.2063, 385.82
2008, 3, 23, 2008.2254, 386.74
2008, 3, 30, 2008.2445, 388.09
2008, 4, 6, 2008.2637, 386.73
2008, 4, 13, 2008.2828, 386.48
2008, 4, 20, 2008.3019, 387.33
2008, 4, 27, 2008.3210, 387.27
2008, 5, 4, 2008.3402, 388.52
2008, 5, 11, 2008.3593, 388.87
2008, 5, 18, 2008.3784, 388.89
2008, 5, 25, 2008.3975, 388.59
2008, 6, 1, 2008.4167, 388.54
2008, 6, 8, 2008.4358, 387.47
2008, 6, 15, 2008.4549, 387.88
2008, 6, 22, 2008.4740, 387.34
2008, 6, 29, 2008.4932, -999.99
2008, 7, 6, 2008.5123, -999.99
2008, 7, 13, 2008.5314, -999.99
2008, 7, 20, 2008.5505, 386.37
2008, 7, 27, 2008.5697, 384.90
2008, 8, 3, 2008.5888, 385.23
2008, 8, 10, 2008.6079, 383.93
2008, 8, 17, 2008.6270, 383.68
2008, 8, 24, 2008.6462, 383.30
2008, 8, 31, 2008.6653, 383.51
2008, 9, 7, 2008.6844, 383.03
2008, 9, 14, 2008.7036, 383.37
2008, 9, 21, 2008.7227, 383.06
2008, 9, 28, 2008.7418, 382.75
2008, 10, 5, 2008.7609, 382.87
2008, 10, 12, 2008.7801, 382.85
2008, 10, 19, 2008.7992, 383.07
2008, 10, 26, 2008.8183, 383.99
2008, 11, 2, 2008.8374, 383.79
2008, 11, 9, 2008.8566, 384.11
2008, 11, 16, 2008.8757, 384.34
2008, 11, 23, 2008.8948, 384.49
2008, 11, 30, 2008.9139, 385.05
2008, 12, 7, 2008.9331, 385.29
2008, 12, 14, 2008.9522, 385.54
2008, 12, 21, 2008.9713, 385.93
2008, 12, 28, 2008.9904, 386.23
2009, 1, 4, 2009.0096, 386.40
2009, 1, 11, 2009.0288, 387.02
2009, 1, 18, 2009.0479, 387.14
2009, 1, 25, 2009.0671, 387.50
2009, 2, 1, 2009.0863, 387.03
2009, 2, 8, 2009.1055, 386.94
2009, 2, 15, 2009.1247, 387.62
2009, 2, 22, 2009.1438, 388.22
2009, 3, 1, 2009.1630, 389.08
2009, 3, 8, 2009.1822, 388.80
2009, 3, 15, 2009.2014, 388.20
2009, 3, 22, 2009.2205, 389.29
2009, 3, 29, 2009.2397, 389.04
2009, 4, 5, 2009.2589, 389.43
2009, 4, 12, 2009.2781, 388.93
2009, 4, 19, 2009.2973, 389.56
2009, 4, 26, 2009.3164, 390.52
2009, 5, 3, 2009.3356, 389.76
2009, 5, 10, 2009.3548, 390.17
2009, 5, 17, 2009.3740, 390.38
2009, 5, 24, 2009.3932, 390.41
2009, 5, 31, 2009.4123, 389.85
2009, 6, 7, 2009.4315, 390.20
2009, 6, 14, 2009.4507, 389.42
2009, 6, 21, 2009.4699, 388.49
2009, 6, 28, 2009.4890, 388.69
2009, 7, 5, 2009.5082, 388.48
2009, 7, 12, 2009.5274, 388.36
2009, 7, 19, 2009.5466, 387.68
2009, 7, 26, 2009.5658, 387.37
2009, 8, 2, 2009.5849, 387.06
2009, 8, 9, 2009.6041, 386.01
2009, 8, 16, 2009.6233, 385.70
2009, 8, 23, 2009.6425, 385.86
2009, 8, 30, 2009.6616, 385.15
2009, 9, 6, 2009.6808, 384.69
2009, 9, 13, 2009.7000, 384.76
2009, 9, 20, 2009.7192, 384.62
2009, 9, 27, 2009.7384, 384.03
2009, 10, 4, 2009.7575, 383.88
2009, 10, 11, 2009.7767, 384.38
2009, 10, 18, 2009.7959, 384.71
2009, 10, 25, 2009.8151, 385.01
2009, 11, 1, 2009.8342, 385.36
2009, 11, 8, 2009.8534, 385.69
2009, 11, 15, 2009.8726, 386.34
2009, 11, 22, 2009.8918, 386.38
2009, 11, 29, 2009.9110, 387.07
2009, 12, 6, 2009.9301, 386.97
2009, 12, 13, 2009.9493, 386.87
2009, 12, 20, 2009.9685, 388.40
2009, 12, 27, 2009.9877, 388.60
2010, 1, 3, 2010.0068, 388.17
2010, 1, 10, 2010.0260, 388.33
2010, 1, 17, 2010.0452, 388.33
2010, 1, 24, 2010.0644, 389.01
2010, 1, 31, 2010.0836, 390.71
2010, 2, 7, 2010.1027, 390.35
2010, 2, 14, 2010.1219, 390.22
2010, 2, 21, 2010.1411, 389.57
2010, 2, 28, 2010.1603, 390.93
2010, 3, 7, 2010.1795, 391.38
2010, 3, 14, 2010.1986, 391.17
2010, 3, 21, 2010.2178, 390.29
2010, 3, 28, 2010.2370, 391.77
2010, 4, 4, 2010.2562, 391.19
2010, 4, 11, 2010.2753, 392.71
2010, 4, 18, 2010.2945, 393.30
2010, 4, 25, 2010.3137, 393.20
2010, 5, 2, 2010.3329, 393.01
2010, 5, 9, 2010.3521, 392.60
2010, 5, 16, 2010.3712, 393.42
2010, 5, 23, 2010.3904, 392.71
2010, 5, 30, 2010.4096, 393.30
2010, 6, 6, 2010.4288, 392.75
2010, 6, 13, 2010.4479, 391.85
2010, 6, 20, 2010.4671, 391.64
2010, 6, 27, 2010.4863, 391.15
2010, 7, 4, 2010.5055, 390.55
2010, 7, 11, 2010.5247, 389.85
2010, 7, 18, 2010.5438, 390.26
2010, 7, 25, 2010.5630, 389.82
2010, 8, 1, 2010.5822, 388.86
2010, 8, 8, 2010.6014, 388.82
2010, 8, 15, 2010.6205, 388.47
2010, 8, 22, 2010.6397, 387.62
2010, 8, 29, 2010.6589, 387.53
2010, 9, 5, 2010.6781, 386.14
2010, 9, 12, 2010.6973, 387.06
2010, 9, 19, 2010.7164, 386.78
2010, 9, 26, 2010.7356, 386.78
2010, 10, 3, 2010.7548, 386.95
2010, 10, 10, 2010.7740, 386.84
2010, 10, 17, 2010.7932, 387.43
2010, 10, 24, 2010.8123, 387.83
2010, 10, 31, 2010.8315, 388.05
2010, 11, 7, 2010.8507, 387.96
2010, 11, 14, 2010.8699, 388.63
2010, 11, 21, 2010.8890, 389.49
2010, 11, 28, 2010.9082, 389.66
2010, 12, 5, 2010.9274, 389.78
2010, 12, 12, 2010.9466, 389.44
2010, 12, 19, 2010.9658, 390.15
2010, 12, 26, 2010.9849, 389.94
2011, 1, 2, 2011.0041, 391.64
2011, 1, 9, 2011.0233, 390.76
2011, 1, 16, 2011.0425, 391.52
2011, 1, 23, 2011.0616, 391.37
2011, 1, 30, 2011.0808, 392.07
2011, 2, 6, 2011.1000, 391.44
2011, 2, 13, 2011.1192, 391.65
2011, 2, 20, 2011.1384, 392.05
2011, 2, 27, 2011.1575, 392.06
2011, 3, 6, 2011.1767, 391.88
2011, 3, 13, 2011.1959, 392.49
2011, 3, 20, 2011.2151, 392.89
2011, 3, 27, 2011.2342, 394.00
2011, 4, 3, 2011.2534, 393.00
2011, 4, 10, 2011.2726, 393.08
2011, 4, 17, 2011.2918, 393.55
2011, 4, 24, 2011.3110, 393.31
2011, 5, 1, 2011.3301, 394.14
2011, 5, 8, 2011.3493, 392.89
2011, 5, 15, 2011.3685, 394.91
2011, 5, 22, 2011.3877, 394.85
2011, 5, 29, 2011.4068, 394.19
2011, 6, 5, 2011.4260, 393.49
2011, 6, 12, 2011.4452, 393.79
2011, 6, 19, 2011.4644, 393.54
2011, 6, 26, 2011.4836, 393.45
2011, 7, 3, 2011.5027, 393.50
2011, 7, 10, 2011.5219, 393.29
2011, 7, 17, 2011.5411, 391.32
2011, 7, 24, 2011.5603, 391.98
2011, 7, 31, 2011.5795, 391.19
2011, 8, 7, 2011.5986, 390.60
2011, 8, 14, 2011.6178, 390.14
2011, 8, 21, 2011.6370, 389.39
2011, 8, 28, 2011.6562, 389.52
2011, 9, 4, 2011.6753, 389.04
2011, 9, 11, 2011.6945, 389.14
2011, 9, 18, 2011.7137, 389.08
2011, 9, 25, 2011.7329, 388.67
2011, 10, 2, 2011.7521, 388.77
2011, 10, 9, 2011.7712, 388.80
2011, 10, 16, 2011.7904, 389.03
2011, 10, 23, 2011.8096, 389.24
2011, 10, 30, 2011.8288, 389.61
2011, 11, 6, 2011.8479, 389.76
2011, 11, 13, 2011.8671, 390.44
2011, 11, 20, 2011.8863, 390.51
2011, 11, 27, 2011.9055, 391.15
2011, 12, 4, 2011.9247, 391.36
2011, 12, 11, 2011.9438, 392.01
2011, 12, 18, 2011.9630, 392.35
2011, 12, 25, 2011.9822, 392.20
2012, 1, 1, 2012.0014, 392.96
2012, 1, 8, 2012.0205, 393.37
2012, 1, 15, 2012.0396, 392.97
2012, 1, 22, 2012.0587, 393.34
2012, 1, 29, 2012.0779, 393.24
2012, 2, 5, 2012.0970, 393.71
2012, 2, 12, 2012.1161, 393.49
2012, 2, 19, 2012.1352, 394.44
2012, 2, 26, 2012.1544, 394.26
2012, 3, 4, 2012.1735, 393.55
2012, 3, 11, 2012.1926, 394.27
2012, 3, 18, 2012.2117, 394.79
2012, 3, 25, 2012.2309, 395.12
2012, 4, 1, 2012.2500, 395.32
2012, 4, 8, 2012.2691, 396.62
2012, 4, 15, 2012.2883, 396.16
2012, 4, 22, 2012.3074, 396.61
2012, 4, 29, 2012.3265, 396.92
2012, 5, 6, 2012.3456, 397.12
2012, 5, 13, 2012.3648, 396.99
2012, 5, 20, 2012.3839, 396.12
2012, 5, 27, 2012.4030, 396.30
2012, 6, 3, 2012.4221, 395.73
2012, 6, 10, 2012.4413, 396.24
2012, 6, 17, 2012.4604, 395.57
2012, 6, 24, 2012.4795, 395.25
2012, 7, 1, 2012.4986, 394.96
2012, 7, 8, 2012.5178, 394.36
2012, 7, 15, 2012.5369, 394.47
2012, 7, 22, 2012.5560, 394.08
2012, 7, 29, 2012.5751, 393.43
2012, 8, 5, 2012.5943, 393.24
2012, 8, 12, 2012.6134, 392.49
2012, 8, 19, 2012.6325, 391.36
2012, 8, 26, 2012.6516, 391.79
2012, 9, 2, 2012.6708, 391.86
2012, 9, 9, 2012.6899, 390.91
2012, 9, 16, 2012.7090, 390.79
2012, 9, 23, 2012.7281, 390.89
2012, 9, 30, 2012.7473, 390.81
2012, 10, 7, 2012.7664, 390.96
2012, 10, 14, 2012.7855, 390.89
2012, 10, 21, 2012.8046, 391.33
2012, 10, 28, 2012.8238, 391.56
2012, 11, 4, 2012.8429, 392.29
2012, 11, 11, 2012.8620, 393.26
2012, 11, 18, 2012.8811, 393.16
2012, 11, 25, 2012.9003, 393.71
2012, 12, 2, 2012.9194, 393.64
2012, 12, 9, 2012.9385, 394.40
2012, 12, 16, 2012.9577, 394.53
2012, 12, 23, 2012.9768, 394.84
2012, 12, 30, 2012.9959, 394.50
2013, 1, 6, 2013.0151, 395.34
2013, 1, 13, 2013.0342, 395.98
2013, 1, 20, 2013.0534, 395.78
2013, 1, 27, 2013.0726, 395.77
2013, 2, 3, 2013.0918, 396.63
2013, 2, 10, 2013.1110, 396.97
2013, 2, 17, 2013.1301, 397.15
2013, 2, 24, 2013.1493, 396.73
2013, 3, 3, 2013.1685, 397.65
2013, 3, 10, 2013.1877, 396.94
2013, 3, 17, 2013.2068, 397.36
2013, 3, 24, 2013.2260, 397.96
2013, 3, 31, 2013.2452, 398.07
2013, 4, 7, 2013.2644, 397.76
2013, 4, 14, 2013.2836, 397.96
2013, 4, 21, 2013.3027, 399.20
2013, 4, 28, 2013.3219, 399.53
2013, 5, 5, 2013.3411, 399.52
2013, 5, 12, 2013.3603, 399.74
2013, 5, 19, 2013.3795, 399.93
2013, 5, 26, 2013.3986, 399.88
2013, 6, 2, 2013.4178, 399.18
2013, 6, 9, 2013.4370, 398.61
2013, 6, 16, 2013.4562, 398.14
2013, 6, 23, 2013.4753, 398.64
2013, 6, 30, 2013.4945, 398.24
2013, 7, 7, 2013.5137, 397.74
2013, 7, 14, 2013.5329, 397.08
2013, 7, 21, 2013.5521, 396.82
2013, 7, 28, 2013.5712, 396.68
2013, 8, 4, 2013.5904, 395.67
2013, 8, 11, 2013.6096, 395.13
2013, 8, 18, 2013.6288, 395.15
2013, 8, 25, 2013.6479, 394.22
2013, 9, 1, 2013.6671, 393.85
2013, 9, 8, 2013.6863, 393.35
2013, 9, 15, 2013.7055, 393.30
2013, 9, 22, 2013.7247, 393.38
2013, 9, 29, 2013.7438, 393.31
2013, 10, 6, 2013.7630, 393.34
2013, 10, 13, 2013.7822, 393.68
2013, 10, 20, 2013.8014, 393.98
2013, 10, 27, 2013.8205, 394.24
2013, 11, 3, 2013.8397, 394.46
2013, 11, 10, 2013.8589, 395.53
2013, 11, 17, 2013.8781, 394.87
2013, 11, 24, 2013.8973, 396.00
2013, 12, 1, 2013.9164, 396.26
2013, 12, 8, 2013.9356, 396.14
2013, 12, 15, 2013.9548, 397.43
2013, 12, 22, 2013.9740, 397.27
2013, 12, 29, 2013.9932, 397.41
2014, 1, 5, 2014.0123, 398.23
2014, 1, 12, 2014.0315, 397.74
2014, 1, 19, 2014.0507, 397.97
2014, 1, 26, 2014.0699, 397.83
2014, 2, 2, 2014.0890, 397.96
2014, 2, 9, 2014.1082, 397.87
2014, 2, 16, 2014.1274, 398.08
2014, 2, 23, 2014.1466, 397.97
2014, 3, 2, 2014.1658, 398.43
2014, 3, 9, 2014.1849, 399.80
2014, 3, 16, 2014.2041, 401.24
2014, 3, 23, 2014.2233, 400.06
2014, 3, 30, 2014.2425, 400.62
2014, 4, 6, 2014.2616, 401.12
2014, 4, 13, 2014.2808, 401.74
2014, 4, 20, 2014.3000, 401.59
2014, 4, 27, 2014.3192, 401.74
2014, 5, 4, 2014.3384, 401.71
2014, 5, 11, 2014.3575, 401.71
2014, 5, 18, 2014.3767, 401.75
2014, 5, 25, 2014.3959, 401.82
2014, 6, 1, 2014.4151, 401.82
2014, 6, 8, 2014.4342, 401.50
2014, 6, 15, 2014.4534, 401.03
2014, 6, 22, 2014.4726, 400.94
2014, 6, 29, 2014.4918, 400.22
2014, 7, 6, 2014.5110, 399.84
2014, 7, 13, 2014.5301, 398.76
2014, 7, 20, 2014.5493, 398.84
2014, 7, 27, 2014.5685, 397.42
2014, 8, 3, 2014.5877, 397.78
2014, 8, 10, 2014.6068, 397.23
2014, 8, 17, 2014.6260, 396.77
2014, 8, 24, 2014.6452, 396.32
2014, 8, 31, 2014.6644, 396.37
2014, 9, 7, 2014.6836, 395.02
2014, 9, 14, 2014.7027, 395.08
2014, 9, 21, 2014.7219, 395.45
2014, 9, 28, 2014.7411, 395.33
2014, 10, 5, 2014.7603, 395.56
2014, 10, 12, 2014.7795, 395.65
2014, 10, 19, 2014.7986, 395.86
2014, 10, 26, 2014.8178, 397.51
2014, 11, 2, 2014.8370, 396.77
2014, 11, 9, 2014.8562, 397.22
2014, 11, 16, 2014.8753, 397.32
2014, 11, 23, 2014.8945, 397.87
2014, 11, 30, 2014.9137, 398.20
2014, 12, 7, 2014.9329, 399.12
2014, 12, 14, 2014.9521, 399.11
2014, 12, 21, 2014.9712, 398.92
2014, 12, 28, 2014.9904, 399.84
2015, 1, 4, 2015.0096, 399.85
2015, 1, 11, 2015.0288, 400.16
2015, 1, 18, 2015.0479, 399.51
2015, 1, 25, 2015.0671, 400.20
2015, 2, 1, 2015.0863, 400.23
2015, 2, 8, 2015.1055, 399.95
2015, 2, 15, 2015.1247, 399.93
2015, 2, 22, 2015.1438, 401.12
2015, 3, 1, 2015.1630, 401.28
2015, 3, 8, 2015.1822, 402.04
2015, 3, 15, 2015.2014, 400.78
2015, 3, 22, 2015.2205, 401.77
2015, 3, 29, 2015.2397, 401.96
2015, 4, 5, 2015.2589, 403.44
2015, 4, 12, 2015.2781, 404.04
2015, 4, 19, 2015.2973, 403.07
2015, 4, 26, 2015.3164, 403.80
2015, 5, 3, 2015.3356, 404.13
2015, 5, 10, 2015.3548, 403.96
2015, 5, 17, 2015.3740, 403.97
2015, 5, 24, 2015.3932, 403.81
2015, 5, 31, 2015.4123, 403.21
2015, 6, 7, 2015.4315, 403.24
2015, 6, 14, 2015.4507, 402.39
2015, 6, 21, 2015.4699, 402.70
2015, 6, 28, 2015.4890, 402.17
2015, 7, 5, 2015.5082, 401.73
2015, 7, 12, 2015.5274, 401.39
2015, 7, 19, 2015.5466, 401.25
2015, 7, 26, 2015.5658, 400.21
2015, 8, 2, 2015.5849, 398.36
2015, 8, 9, 2015.6041, 399.19
2015, 8, 16, 2015.6233, 399.14
2015, 8, 23, 2015.6425, 398.85
2015, 8, 30, 2015.6616, 398.49
2015, 9, 6, 2015.6808, 397.77
2015, 9, 13, 2015.7000, 397.24
2015, 9, 20, 2015.7192, 397.33
2015, 9, 27, 2015.7384, 397.20
2015, 10, 4, 2015.7575, 398.37
2015, 10, 11, 2015.7767, 398.18
2015, 10, 18, 2015.7959, 398.52
2015, 10, 25, 2015.8151, 398.48
2015, 11, 1, 2015.8342, 399.06
2015, 11, 8, 2015.8534, 400.43
2015, 11, 15, 2015.8726, 400.35
2015, 11, 22, 2015.8918, 400.37
2015, 11, 29, 2015.9110, 400.80
2015, 12, 6, 2015.9301, 401.31
2015, 12, 13, 2015.9493, 402.35
2015, 12, 20, 2015.9685, 402.60
2015, 12, 27, 2015.9877, 402.08
2016, 1, 3, 2016.0068, 402.15
2016, 1, 10, 2016.0260, 402.48
2016, 1, 17, 2016.0451, 402.61
2016, 1, 24, 2016.0642, 403.15
2016, 1, 31, 2016.0833, 404.60
2016, 2, 7, 2016.1025, 403.86
2016, 2, 14, 2016.1216, 403.68
2016, 2, 21, 2016.1407, 404.39
2016, 2, 28, 2016.1598, 404.17
2016, 3, 6, 2016.1790, 404.00
2016, 3, 13, 2016.1981, 404.78
2016, 3, 20, 2016.2172, 405.66
2016, 3, 27, 2016.2363, 405.45
2016, 4, 3, 2016.2555, 406.60
2016, 4, 10, 2016.2746, 408.72
2016, 4, 17, 2016.2937, 407.45
2016, 4, 24, 2016.3128, 407.81
2016, 5, 1, 2016.3320, 407.56
2016, 5, 8, 2016.3511, 407.86
2016, 5, 15, 2016.3702, 407.31
2016, 5, 22, 2016.3893, 408.33
2016, 5, 29, 2016.4085, 407.55
2016, 6, 5, 2016.4276, 406.88
2016, 6, 12, 2016.4467, 407.22
2016, 6, 19, 2016.4658, 406.66
2016, 6, 26, 2016.4850, 405.99
2016, 7, 3, 2016.5041, 405.59
2016, 7, 10, 2016.5232, 404.50
2016, 7, 17, 2016.5423, 403.41
2016, 7, 24, 2016.5615, 403.85
2016, 7, 31, 2016.5806, 403.49
2016, 8, 7, 2016.5997, 402.90
2016, 8, 14, 2016.6189, 401.87
2016, 8, 21, 2016.6380, 401.99
2016, 8, 28, 2016.6571, 401.00
2016, 9, 4, 2016.6762, 400.99
2016, 9, 11, 2016.6954, 401.35
2016, 9, 18, 2016.7145, 400.89
2016, 9, 25, 2016.7336, 400.74
2016, 10, 2, 2016.7527, 400.93
2016, 10, 9, 2016.7719, 401.59
2016, 10, 16, 2016.7910, 401.67
2016, 10, 23, 2016.8101, 402.09
2016, 10, 30, 2016.8292, 402.83
2016, 11, 6, 2016.8484, 402.78
2016, 11, 13, 2016.8675, 403.76
2016, 11, 20, 2016.8866, 404.00
2016, 11, 27, 2016.9057, 404.40
2016, 12, 4, 2016.9249, 403.89
2016, 12, 11, 2016.9440, 404.79
2016, 12, 18, 2016.9631, 404.43
2016, 12, 25, 2016.9822, 404.78
2017, 1, 1, 2017.0014, 405.95
2017, 1, 8, 2017.0205, 406.02
2017, 1, 15, 2017.0397, 406.18
2017, 1, 22, 2017.0589, 406.52
2017, 1, 29, 2017.0781, 406.24
2017, 2, 5, 2017.0973, 406.07
2017, 2, 12, 2017.1164, 405.95
2017, 2, 19, 2017.1356, 406.95
2017, 2, 26, 2017.1548, 407.41
2017, 3, 5, 2017.1740, 406.15
2017, 3, 12, 2017.1932, 407.10
2017, 3, 19, 2017.2123, 406.82
2017, 3, 26, 2017.2315, 408.41
2017, 4, 2, 2017.2507, 407.64
2017, 4, 9, 2017.2699, 408.89
2017, 4, 16, 2017.2890, 409.65
2017, 4, 23, 2017.3082, 409.96
2017, 4, 30, 2017.3274, 409.17
2017, 5, 7, 2017.3466, 409.32
2017, 5, 14, 2017.3658, 410.40
2017, 5, 21, 2017.3849, 410.00
2017, 5, 28, 2017.4041, 409.57
2017, 6, 4, 2017.4233, 409.69
2017, 6, 11, 2017.4425, 409.43
2017, 6, 18, 2017.4616, 408.31
2017, 6, 25, 2017.4808, 407.76
2017, 7, 2, 2017.5000, 408.04
2017, 7, 9, 2017.5192, 407.06
2017, 7, 16, 2017.5384, 406.81
2017, 7, 23, 2017.5575, 406.73
2017, 7, 30, 2017.5767, 406.47
2017, 8, 6, 2017.5959, 405.53
2017, 8, 13, 2017.6151, 405.20
2017, 8, 20, 2017.6342, 404.54
2017, 8, 27, 2017.6534, 404.23
2017, 9, 3, 2017.6726, 403.70
2017, 9, 10, 2017.6918, 403.68
2017, 9, 17, 2017.7110, 403.05
2017, 9, 24, 2017.7301, 402.76
2017, 10, 1, 2017.7493, 402.95
2017, 10, 8, 2017.7685, 403.40
2017, 10, 15, 2017.7877, 403.95
2017, 10, 22, 2017.8068, 404.00
2017, 10, 29, 2017.8260, 404.15
2017, 11, 5, 2017.8452, 404.25
2017, 11, 12, 2017.8644, 405.07
2017, 11, 19, 2017.8836, 406.12
2017, 11, 26, 2017.9027, 406.33
2017, 12, 3, 2017.9219, 406.74
2017, 12, 10, 2017.9411, 406.53
2017, 12, 17, 2017.9603, 406.83
2017, 12, 24, 2017.9795, 407.21
2017, 12, 31, 2017.9986, 407.37
2018, 1, 7, 2018.0178, 408.14
2018, 1, 14, 2018.0370, 407.89
2018, 1, 21, 2018.0562, 408.27
2018, 1, 28, 2018.0753, 407.88
2018, 2, 4, 2018.0945, 408.20
2018, 2, 11, 2018.1137, 408.37
2018, 2, 18, 2018.1329, 408.45
2018, 2, 25, 2018.1521, 408.90
2018, 3, 4, 2018.1712, 409.83
2018, 3, 11, 2018.1904, 408.84
2018, 3, 18, 2018.2096, 409.12
2018, 3, 25, 2018.2288, 410.03
2018, 4, 1, 2018.2479, 409.20
2018, 4, 8, 2018.2671, 409.45
2018, 4, 15, 2018.2863, 411.05
2018, 4, 22, 2018.3055, 411.67
2018, 4, 29, 2018.3247, 409.62
2018, 5, 6, 2018.3438, 411.06
2018, 5, 13, 2018.3630, 411.85
2018, 5, 20, 2018.3822, 411.45
2018, 5, 27, 2018.4014, 411.39
2018, 6, 3, 2018.4205, 410.94
2018, 6, 10, 2018.4397, 411.16
2018, 6, 17, 2018.4589, 410.36
2018, 6, 24, 2018.4781, 410.57
2018, 7, 1, 2018.4973, 409.38
2018, 7, 8, 2018.5164, 409.16
2018, 7, 15, 2018.5356, 408.54
2018, 7, 22, 2018.5548, 408.28
2018, 7, 29, 2018.5740, 407.46
2018, 8, 5, 2018.5932, 407.23
2018, 8, 12, 2018.6123, 407.07
2018, 8, 19, 2018.6315, 406.84
2018, 8, 26, 2018.6507, 406.26
2018, 9, 2, 2018.6699, 405.47
2018, 9, 9, 2018.6890, 405.39
2018, 9, 16, 2018.7082, 405.69
2018, 9, 23, 2018.7274, 405.54
2018, 9, 30, 2018.7466, 405.50
2018, 10, 7, 2018.7658, 405.58
2018, 10, 14, 2018.7849, 406.00
2018, 10, 21, 2018.8041, 406.62
2018, 10, 28, 2018.8233, 406.48
2018, 11, 4, 2018.8425, 406.99
2018, 11, 11, 2018.8616, 408.72
2018, 11, 18, 2018.8808, 408.60
2018, 11, 25, 2018.9000, 408.38
2018, 12, 2, 2018.9192, 408.49
2018, 12, 9, 2018.9384, 409.40
2018, 12, 16, 2018.9575, 409.30
2018, 12, 23, 2018.9767, 409.13
2018, 12, 30, 2018.9959, 409.60
2019, 1, 6, 2019.0151, 410.67
2019, 1, 13, 2019.0342, 410.35
2019, 1, 20, 2019.0534, 411.98
2019, 1, 27, 2019.0726, 411.02
2019, 2, 3, 2019.0918, 411.62
2019, 2, 10, 2019.1110, 412.40
2019, 2, 17, 2019.1301, 410.98
2019, 2, 24, 2019.1493, 412.40
2019, 3, 3, 2019.1685, 412.16
2019, 3, 10, 2019.1877, 412.16
2019, 3, 17, 2019.2068, 411.82
2019, 3, 24, 2019.2260, 411.32
2019, 3, 31, 2019.2452, 412.19
2019, 4, 7, 2019.2644, 413.14
2019, 4, 14, 2019.2836, 413.60
2019, 4, 21, 2019.3027, 413.77
2019, 4, 28, 2019.3219, 414.29
2019, 5, 5, 2019.3411, 414.32
2019, 5, 12, 2019.3603, 415.40
2019, 5, 19, 2019.3795, 414.74
2019, 5, 26, 2019.3986, 414.30
2019, 6, 2, 2019.4178, 414.39
2019, 6, 9, 2019.4370, 414.08
2019, 6, 16, 2019.4562, 413.86
2019, 6, 23, 2019.4753, 413.41
2019, 6, 30, 2019.4945, 413.42
2019, 7, 7, 2019.5137, 412.08
2019, 7, 14, 2019.5329, 412.14
2019, 7, 21, 2019.5521, 410.84
2019, 7, 28, 2019.5712, 410.06
2019, 8, 4, 2019.5904, 410.34
2019, 8, 11, 2019.6096, 410.27
2019, 8, 18, 2019.6288, 409.57
2019, 8, 25, 2019.6479, 409.44
2019, 9, 1, 2019.6671, 408.81
2019, 9, 8, 2019.6863, 408.59
2019, 9, 15, 2019.7055, 408.50
2019, 9, 22, 2019.7247, 408.32
2019, 9, 29, 2019.7438, 407.96
2019, 10, 6, 2019.7630, 408.38
2019, 10, 13, 2019.7822, 408.62
2019, 10, 20, 2019.8014, 408.72
2019, 10, 27, 2019.8205, 409.29
2019, 11, 3, 2019.8397, 409.90
2019, 11, 10, 2019.8589, 410.19
2019, 11, 17, 2019.8781, 410.19
2019, 11, 24, 2019.8973, 410.72
2019, 12, 1, 2019.9164, 411.07
2019, 12, 8, 2019.9356, 411.32
2019, 12, 15, 2019.9548, 411.89
2019, 12, 22, 2019.9740, 412.21
2019, 12, 29, 2019.9932, 412.99
2020, 1, 5, 2020.0123, 413.38
2020, 1, 12, 2020.0314, 412.80
2020, 1, 19, 2020.0505, 413.66
2020, 1, 26, 2020.0697, 414.03
2020, 2, 2, 2020.0888, 414.30
2020, 2, 9, 2020.1079, 414.40
2020, 2, 16, 2020.1270, 414.06
2020, 2, 23, 2020.1462, 413.72
2020, 3, 1, 2020.1653, 413.86
2020, 3, 8, 2020.1844, 414.11
2020, 3, 15, 2020.2036, 414.28
2020, 3, 22, 2020.2227, 415.52
2020, 3, 29, 2020.2418, 415.75
2020, 4, 5, 2020.2609, 416.45
2020, 4, 12, 2020.2801, 416.27
2020, 4, 19, 2020.2992, 415.88
2020, 4, 26, 2020.3183, 416.82
2020, 5, 3, 2020.3374, 416.83
2020, 5, 10, 2020.3566, 416.79
2020, 5, 17, 2020.3757, 416.97
2020, 5, 24, 2020.3948, 417.43
2020, 5, 31, 2020.4139, 417.20
2020, 6, 7, 2020.4331, 416.34
2020, 6, 14, 2020.4522, 416.27
2020, 6, 21, 2020.4713, 416.05
2020, 6, 28, 2020.4904, 415.43