mother_tongue,most_at_home,most_at_work,lang_known
5,5,NA,NA
5,0,0,0
5,0,0,0
0,0,0,0
0,0,0,0
5,5,0,0
0,0,0,0
0,0,0,0
0,0,0,0
0,0,0,0
5,0,0,0
5,5,0,0
5,0,0,0
0,0,0,0
10,0,0,0
15,15,0,0
0,0,0,0
5,0,0,0
10,0,0,0
0,0,0,0
0,0,0,0
25,10,0,0
10,0,0,0
5,5,0,0
0,0,0,0
0,0,0,0
0,0,0,0
0,0,0,0
0,0,0,0
0,0,0,0
0,0,0,0
0,0,0,0
0,0,0,0
0,0,0,0
5,0,0,0
5,0,0,0
0,0,0,0
0,0,0,0
5,0,0,0
0,0,0,0
0,0,0,0
0,0,0,0
0,0,0,0
5,0,0,0
20,0,0,0
5,5,0,0
0,0,0,0
0,0,0,0
0,0,0,0
0,0,0,0
0,0,0,0
0,0,0,0
0,0,0,0
0,0,0,0
0,0,0,0
0,0,0,0
0,0,0,0
0,0,0,0
0,0,0,0
0,0,0,0
0,0,0,0
0,0,0,0
0,0,0,0
0,0,0,0
0,0,0,0
0,0,0,0
0,0,0,0
0,0,0,0
0,0,0,0
0,0,0,0
0,0,0,0
0,0,0,0
0,0,0,0
0,0,0,0
0,0,0,0
0,0,0,0
0,0,0,0
0,0,0,0
0,0,0,0
0,0,0,0
0,0,0,0
0,0,0,0
0,0,0,0
0,0,0,0
0,0,0,0
0,0,0,0
0,0,0,0
0,0,0,0
0,0,0,0
0,0,0,0
0,0,0,0
0,0,0,0
0,0,0,0
0,0,0,0
0,0,0,0
0,0,0,0
0,0,0,0
0,0,0,0
5,0,0,0
5,0,0,0
0,0,0,0
0,0,0,0
0,0,0,0
5,0,0,0
0,0,0,0
5,0,0,0
0,0,0,0
5,0,0,0
0,0,0,0
0,0,0,0
0,0,0,0
5,0,0,0
5,5,0,0
0,0,0,0
5,0,0,0
5,0,0,0
5,0,0,0
5,5,0,0
5,5,0,0
0,0,0,0
15,5,0,0
5,0,0,0
10,10,0,0
5,0,0,0
0,0,0,0
0,0,0,0
5,5,0,0
5,0,0,0
0,0,0,0
0,0,0,0
5,0,0,0
0,0,0,0
5,0,0,0
0,0,0,0
5,0,0,0
5,0,0,0
0,0,0,0
0,0,0,0
10,0,0,0
0,0,0,0
0,0,0,0
0,0,0,0
0,0,0,0
0,0,0,0
0,0,0,0
0,0,0,0
0,0,0,0
0,0,0,0
0,0,0,0
0,0,0,0
0,0,0,0
0,0,0,0
5,5,0,0
0,0,0,0
0,0,0,0
0,0,0,0
0,0,0,0
0,0,0,0
0,0,0,0
0,0,0,0
0,0,0,0
0,0,0,0
0,0,0,0
0,0,0,0
0,0,0,0
0,0,0,0
0,0,0,0
0,0,0,0
0,0,0,0
0,0,0,0
0,0,0,0
0,0,0,0
0,0,0,0
0,0,0,0
0,0,0,0
0,0,0,0
0,5,0,0
0,0,0,0
0,0,0,0
0,0,0,0
0,0,0,0
0,0,0,0
0,0,0,0
0,0,0,0
0,0,0,0
0,0,0,0
0,0,0,0
0,0,0,0
0,0,0,0
0,0,0,0
0,0,0,0
0,0,0,0
0,0,0,0
0,0,0,0
0,0,0,0
0,0,0,0
0,0,0,0
0,0,0,0
0,0,0,0
0,0,0,0
0,0,0,0
0,0,0,0
0,0,0,0
0,0,0,0
0,0,0,0
0,0,0,0
0,0,0,0
5,5,0,0
5,0,0,0
0,0,0,0
0,0,0,0
0,0,0,0
0,0,0,0
5,0,0,0
0,0,0,0
0,0,0,0
0,0,0,0
5,5,0,0
0,0,0,0
0,0,0,0
0,0,0,0
0,0,0,0
0,0,0,0
0,0,0,0
0,0,0,0
0,0,0,0
0,0,0,0
10,0,0,0
0,0,0,0
0,0,0,0
0,0,0,0
0,0,0,0
5,0,0,0
5,0,0,0
0,0,0,0
5,0,0,0
5,0,0,0
5,0,0,0
10,0,0,0
5,5,0,0
5,0,0,0
5,0,0,0
5,0,0,0
0,0,0,0
0,0,0,0
0,0,0,0
5,0,0,0
5,0,0,0
0,0,0,0
5,0,0,0
5,5,0,0
0,0,0,0
0,0,0,0
0,0,0,0
0,0,0,0
0,0,0,0
0,0,0,0
0,0,0,0
0,0,0,0
0,0,0,0
0,0,0,0
0,0,0,0
0,0,0,0
0,0,0,0
0,0,0,0
0,0,0,0
0,0,0,0
0,0,0,0
0,0,0,0
0,0,0,0
0,0,0,0
0,0,0,0
0,0,0,0
0,0,0,0
0,0,0,0
0,0,0,0
0,0,0,0
0,0,0,0
0,0,0,0
0,0,0,0
0,0,0,0
0,0,0,0
0,0,0,0
0,0,0,0
0,0,0,0
0,0,0,0
5,0,0,0
0,0,0,0
0,0,0,0
5,0,0,0
0,0,0,0
0,0,0,0
0,0,0,0
0,0,0,0
0,0,0,0
0,0,0,0
0,0,0,0
0,0,0,0
0,0,0,0
0,0,0,0
0,0,0,0
0,0,0,0
0,0,0,0
5,0,0,0
0,0,0,0
0,0,0,0
0,0,0,0
0,0,0,0
0,0,0,0
0,0,0,0
0,0,0,0
0,0,0,0
0,0,0,0
0,0,0,0
0,0,0,0
0,0,0,0
0,0,0,0
0,0,0,0
0,0,0,0
0,0,0,0
0,0,0,0
0,0,0,0
0,0,0,0
0,0,0,0
0,0,0,0
0,0,0,0
0,0,0,0
0,0,0,0
0,0,0,0
0,0,0,0
0,0,0,0
0,0,0,0
0,0,0,0
0,0,0,0
0,0,0,0
0,0,0,0
5,0,0,0
0,0,0,0
0,0,0,0
0,0,0,0
0,0,0,0
0,0,0,0
0,0,0,0
5,0,0,0
0,0,0,0
0,0,0,0
0,0,0,0
0,0,0,0
0,0,0,0
0,0,0,0
5,0,0,0
5,0,0,0
0,0,0,0
0,0,0,0
0,0,0,0
0,0,0,0
10,5,0,0
5,0,0,0
5,0,0,0
0,5,0,0
0,0,0,0
5,0,0,0
5,0,0,0
0,0,0,0
5,0,0,0
5,5,0,0
0,0,0,0
0,0,0,0
0,0,0,0
10,0,0,0
5,0,0,0
0,0,0,0
0,0,0,0
0,0,0,0
0,0,0,0
0,0,0,0
0,0,0,0
5,0,0,0
0,0,0,0
5,0,0,0
0,0,0,0
0,0,0,0
0,0,0,0
5,0,0,0
5,0,0,0
10,0,0,0
5,0,0,0
0,0,0,0
0,0,0,0
0,0,0,0
0,0,0,0
0,0,0,0
0,0,0,0
0,0,0,0
0,0,0,0
0,0,0,0
5,0,0,0
0,0,0,0
0,0,0,0
5,0,0,0
0,0,0,0
0,0,0,0
0,0,0,0
0,0,0,0
0,0,0,0
0,0,0,0
0,0,0,0
0,0,0,0
0,0,0,0
0,0,0,0
0,0,0,0
0,0,0,0
0,0,0,0
0,0,0,0
0,0,0,0
5,0,0,0
0,0,0,0
0,0,0,0
0,0,0,0
0,0,0,0
5,0,0,0
0,0,0,0
0,0,0,0
0,0,0,0
0,0,0,0
0,0,0,0
0,0,0,0
0,0,0,0
0,0,0,0
0,0,0,0
0,0,0,0
0,0,0,0
0,0,0,0
0,0,0,0
0,0,0,0
0,0,0,0
15,0,0,0
5,0,0,0
5,0,0,0
5,0,0,0
0,0,0,0
5,0,0,0
10,0,0,0
5,0,0,0
0,5,0,0
5,0,0,0
0,0,0,0
0,0,0,0
0,0,0,0
0,0,0,0
0,0,0,0
5,5,0,0
0,0,0,0
0,0,0,0
5,0,0,0
5,0,0,0
35,15,0,0
0,0,0,0
0,0,0,0
0,0,0,0
0,0,0,0
0,0,0,0
0,0,0,0
0,0,0,0
0,0,0,0
0,0,0,0
0,0,0,0
0,0,0,0
0,0,0,0
0,0,0,0
5,0,0,0
0,0,0,0
0,0,0,0
0,0,0,0
0,0,0,0
0,0,0,0
0,0,0,0
0,0,0,0
0,0,0,0
0,0,0,0
0,0,0,0
0,0,0,0
0,0,0,0
0,0,0,0
0,0,0,0
0,0,0,0
0,0,0,0
0,0,0,0
5,0,0,0
0,5,0,0
0,0,0,0
0,0,0,0
5,5,0,0
0,0,0,0
0,0,0,0
5,0,0,0
0,0,0,0
0,0,0,0
0,0,0,0
0,0,0,0
0,0,0,0
5,0,0,0
0,0,0,0
0,0,0,0
5,0,0,0
0,0,0,0
0,0,0,0
0,0,0,0
0,0,0,0
0,0,0,0
0,0,0,0
0,0,0,0
0,0,0,0
0,0,0,0
0,0,0,0
0,0,0,0
0,0,0,0
0,0,0,0
0,0,0,0
0,0,0,0
0,0,0,0
0,0,0,0
0,0,0,0
0,0,0,0
0,0,0,0
0,0,0,0
0,0,0,0
0,0,0,0
0,0,0,0
0,0,0,0
0,0,0,0
0,0,0,0
5,0,0,0
0,0,0,0
0,0,0,0
0,0,0,0
0,0,0,0
0,0,0,0
5,0,0,0
0,0,0,0
0,0,0,0
0,0,0,0
0,0,0,0
0,0,0,0
5,0,0,0
0,0,0,0
0,5,0,0
0,0,0,0
0,0,0,0
0,0,0,0
0,0,0,0
0,0,0,0
0,0,0,0
0,0,0,0
0,0,0,0
0,0,0,0
0,0,0,0
0,0,0,0
0,0,0,0
0,0,0,0
0,0,0,0
0,0,0,0
0,0,0,0
0,0,0,0
0,0,0,0
0,0,0,0
0,0,0,0
10,5,0,0
0,0,0,0
5,0,0,0
0,0,0,0
0,0,0,0
0,0,0,0
0,0,0,0
0,0,0,0
0,0,0,0
0,0,0,0
0,0,0,0
0,0,0,0
0,0,0,0
0,0,0,0
0,0,0,0
0,0,0,0
0,0,0,0
0,0,0,0
0,0,0,0
0,0,0,0
0,0,0,0
0,0,0,0
0,0,0,0
0,0,0,0
0,0,0,0
0,0,0,0
0,0,0,0
0,0,0,0
0,0,0,0
0,0,0,0
0,0,0,0
0,0,0,0
0,0,0,0
25,0,0,0
5,0,0,0
5,0,0,0
10,0,0,0
0,0,0,0
0,0,0,0
0,0,0,0
5,0,0,0
0,0,0,0
0,0,0,0
0,0,0,0
0,0,0,0
0,0,0,0
0,0,0,0
0,0,0,0
0,0,0,0
0,0,0,0
5,0,0,0
0,0,0,0
0,0,0,0
0,0,0,0
5,5,0,0
0,0,0,0
0,0,0,0
0,0,0,0
0,0,0,0
5,5,0,0
0,0,0,0
0,0,0,0
0,0,0,0
0,0,0,0
0,0,0,0
0,0,0,0
0,0,0,0
0,0,0,0
0,5,0,0
0,0,0,0
0,0,0,0
0,0,0,0
0,0,0,0
0,0,0,0
0,0,0,0
0,0,0,0
0,0,0,0
0,0,0,0
0,0,0,0
0,0,0,0
0,0,0,0
0,0,0,0
0,0,0,0
0,0,0,0
0,0,0,0
0,0,0,0
0,0,0,0
0,0,0,0
0,0,0,0
0,0,0,0
0,0,0,0
0,0,0,0
5,0,0,0
5,0,0,0
0,0,0,0
5,0,0,0
0,0,0,0
0,0,0,0
5,0,0,0
0,0,0,0
0,0,0,0
10,5,0,0
5,5,0,0
0,0,0,0
0,0,0,0
0,0,0,0
5,0,0,0
0,0,0,0
0,0,0,0
0,0,0,0
10,0,0,0
5,5,0,0
0,0,0,0
0,0,0,0
0,0,0,0
5,5,0,0
0,0,0,0
0,0,0,0
20,5,0,0
0,0,0,0
0,0,0,0
0,0,0,0
0,0,0,0
0,0,0,0
0,0,0,0
5,5,0,0
5,0,0,0
0,0,0,0
0,0,0,0
0,0,0,0
10,5,0,0
15,5,0,0
0,0,0,0
0,0,0,0
0,0,0,0
10,5,0,0
0,0,0,0
0,0,0,0
0,0,0,0
0,0,0,0
0,0,0,0
0,0,0,0
0,0,0,0
0,0,0,0
0,0,0,0
0,0,0,0
0,0,0,0
0,0,0,0
0,0,0,0
0,0,0,0
0,5,0,0
5,0,0,0
0,0,0,0
0,0,0,0
0,0,0,0
0,0,0,0
0,0,0,0
0,0,0,0
0,0,0,0
0,0,0,0
0,0,0,0
0,0,0,0
0,0,0,0
0,0,0,0
0,0,0,0
0,0,0,0
0,0,0,0
0,0,0,0
0,0,0,0
0,0,0,0
0,0,0,0
0,0,0,0
0,0,0,0
0,0,0,0
0,0,0,0
0,0,0,0
0,0,0,0
0,0,0,0
0,0,0,0
0,0,0,0
0,0,0,0
0,0,0,0
0,0,0,0
0,0,0,0
0,0,0,0
0,0,0,0
0,0,0,0
0,0,0,0
5,0,0,0
10,5,0,0
0,0,0,0
0,0,0,0
0,0,0,0
0,0,0,0
0,0,0,0
0,0,0,0
0,0,0,0
0,0,0,0
0,0,0,0
0,0,0,0
5,0,0,0
5,0,0,0
0,0,0,0
0,0,0,0
0,0,0,0
0,0,0,0
0,0,0,0
5,0,0,0
0,0,0,0
0,0,0,0
0,0,0,0
0,0,0,0
0,0,0,0
0,0,0,0
0,0,0,0
0,0,0,0
0,0,0,0
0,0,0,0
0,0,0,0
0,0,0,0
0,0,0,0
5,0,0,0
0,0,0,0
0,0,0,0
0,0,0,0
5,0,0,0
0,0,0,0
0,0,0,0
0,0,0,0
0,0,0,0
0,0,0,0
0,0,0,0
0,0,0,0
0,0,0,0
0,0,0,0
0,0,0,0
0,0,0,0
0,0,0,0
0,0,0,0
0,0,0,0
0,0,0,0
5,0,0,0
0,0,0,0
0,0,0,0
0,0,0,0
0,0,0,0
0,0,0,0
5,0,0,0
0,0,0,0
5,0,0,0
0,0,0,0
0,0,0,0
0,0,0,0
0,0,0,0
10,0,0,0
10,5,0,0
0,0,0,0
0,0,0,0
0,0,0,0
5,0,0,0
5,0,0,0
0,0,0,0
0,0,0,0
0,0,0,0
10,0,0,0
0,0,0,0
0,0,0,0
0,0,0,0
0,0,0,0
0,0,0,0
10,0,0,0
0,0,0,0
0,0,0,0
10,0,0,0
0,0,0,0
0,0,0,0
0,0,0,0
0,0,0,0
5,0,0,0
0,0,0,0
0,0,0,0
0,0,0,0
0,0,0,0
0,0,0,0
5,0,0,0
5,0,0,0
0,0,0,0
5,0,0,0
5,5,0,0
5,0,0,0
0,0,0,0
5,0,0,0
0,0,0,0
5,0,0,0
0,0,0,0
0,0,0,0
5,0,0,0
0,0,0,0
0,0,0,0
0,0,0,0
0,0,0,0
0,0,0,0
0,0,0,0
0,0,0,0
0,0,0,0
0,0,0,0
0,0,0,0
0,0,0,0
5,0,0,0
0,0,0,0
0,0,0,0
0,0,0,0
5,5,0,0
0,0,0,0
0,0,0,0
0,0,0,0
0,0,0,0
5,0,0,0
5,0,0,0
0,0,0,0
5,0,0,0
5,0,0,0
5,0,0,0
5,0,0,0
0,0,0,0
0,0,0,0
10,0,0,0
0,0,0,0
0,0,0,0
0,0,0,0
0,0,0,0
10,0,0,0
5,0,0,0
5,0,0,0
0,0,0,0
0,0,0,0
0,0,0,0
0,0,0,0
0,0,0,0
0,0,0,0
0,0,0,0
0,0,0,0
5,0,0,0
0,0,0,0
10,0,0,0
10,10,0,0
0,0,0,0
5,0,0,0
0,0,0,0
0,0,0,0
0,0,0,0
0,0,0,0
0,0,0,0
0,0,0,0
5,5,0,0
0,0,0,0
0,0,0,0
0,0,0,0
10,0,0,0
0,0,0,0
0,0,0,0
0,0,0,0
5,0,0,0
0,0,0,0
0,0,0,0
5,0,0,0
0,0,0,0
0,0,0,0
0,0,0,0
0,0,0,0
5,0,0,0
0,0,0,0
0,0,0,0
10,5,0,0
5,0,0,0
0,0,0,0
0,0,0,0
5,0,0,0
0,0,0,0
5,0,0,0
0,0,0,0
5,0,0,0
0,0,0,0
0,0,0,0
0,0,0,0
0,0,0,0
0,0,0,0
0,0,0,0
0,0,0,0
0,0,0,0
0,0,0,0
15,10,0,0
0,0,0,0
10,10,0,0
0,0,0,0
0,0,0,0
0,0,0,0
0,0,0,0
0,0,0,0
5,0,0,0
0,0,0,0
5,5,0,0
0,0,0,0
0,0,0,0
0,0,0,0
0,0,0,0
5,0,0,0
0,0,0,0
5,0,0,0
0,0,0,0
0,0,0,0
0,0,0,0
0,0,0,0
0,0,0,0
0,0,0,0
5,5,0,0
5,0,0,0
5,0,0,0
0,0,0,0
0,0,0,0
0,0,0,0
0,0,0,0
0,0,0,0
0,0,0,0
0,0,0,0
0,0,0,0
0,0,0,0
0,0,0,0
0,0,0,0
0,0,0,0
0,0,0,0
0,0,0,0
0,0,0,0
0,0,0,0
0,0,0,0
0,0,0,0
0,0,0,0
0,0,0,0
0,0,0,0
0,0,0,0
0,0,0,0
0,0,0,0
0,0,0,0
0,0,0,0
0,0,0,0
0,0,0,0
0,0,0,0
0,0,0,0
0,0,0,0
0,0,0,0
0,0,0,0
0,0,0,0
0,0,0,0
0,0,0,0
0,0,0,0
0,0,0,0
0,0,0,0
0,0,0,0
0,0,0,0
0,0,0,0
5,0,0,0
0,0,0,0
0,0,0,0
0,0,0,0
0,0,0,0
0,5,0,0
0,0,0,0
0,0,0,0
0,0,0,0
0,0,0,0
0,0,0,0
0,0,0,0
0,0,0,0
0,0,0,0
0,0,0,0
0,0,0,0
0,0,0,0
0,0,0,0
0,0,0,0
0,0,0,0
5,5,0,0
5,0,0,0
0,0,0,0
0,0,0,0
0,0,0,0
10,0,0,0
5,0,0,0
0,0,0,0
0,0,0,0
0,0,0,0
0,0,0,0
0,0,0,0
0,0,0,0
0,0,0,0
0,0,0,0
0,0,0,0
0,0,0,0
0,0,0,0
0,0,0,0
0,0,0,0
5,0,0,0
0,0,0,0
0,0,0,0
0,0,0,0
0,0,0,0
0,0,0,0
0,0,0,0
0,0,0,0
0,0,0,0
0,0,0,0
0,0,0,0
0,0,0,0
0,0,0,0
0,0,0,0
0,0,0,0
5,0,0,0
0,0,0,0
0,0,0,0
0,0,0,0
0,0,0,0
0,0,0,0
0,0,0,0
0,0,0,0
0,0,0,0
0,0,0,0
0,0,0,0
0,0,0,0
0,0,0,0
0,0,0,0
0,0,0,0
0,0,0,0
0,0,0,0
0,0,0,0
0,0,0,0
0,0,0,0
0,0,0,0
0,0,0,0
0,0,0,0
0,0,0,0
0,0,0,0
0,0,0,0
0,0,0,0
0,0,0,0
0,0,0,0
0,0,0,0
0,0,0,0
0,0,0,0
0,0,0,0
0,0,0,0
0,0,0,0
0,0,0,0
0,0,0,0
0,0,0,0
0,0,0,0
0,0,0,0
0,0,0,0
5,0,0,0
0,0,0,0
0,0,0,0
0,0,0,0
5,5,0,0
0,0,0,0
5,5,0,0
5,5,0,0
5,0,0,0
0,0,0,0
0,5,0,0
5,0,0,0
0,0,0,0
0,0,0,0
0,0,0,0
5,0,0,0
5,0,0,0
10,0,0,0
0,0,0,0
0,0,0,0
15,0,10,0
0,0,0,0
0,0,0,0
0,0,0,0
0,0,0,0
0,0,0,0
0,0,0,0
0,0,0,0
0,0,0,0
0,0,0,0
0,0,0,0
0,0,0,0
0,0,0,0
0,0,0,0
0,0,0,0
0,0,0,0
0,0,0,0
0,0,0,0
0,0,0,0
0,0,0,0
0,0,0,0
0,0,0,0
0,0,0,0
0,0,0,0
0,0,0,0
0,0,0,0
0,0,0,0
0,0,0,0
0,0,0,0
0,0,0,0
0,0,0,0
0,0,0,0
5,5,0,0
0,0,0,0
0,0,0,0
0,0,0,0
0,0,0,0
0,0,0,0
0,0,0,0
0,0,0,0
0,0,0,0
5,0,0,0
0,0,0,0
0,0,0,0
0,0,0,0
5,0,0,0
0,0,0,0
15,10,0,0
0,0,0,0
0,0,0,0
5,0,0,0
5,5,0,0
0,0,0,0
0,0,0,0
0,0,0,0
0,0,0,0
0,0,0,0
0,0,0,0
0,0,0,0
0,0,0,0
0,0,0,0
5,0,0,0
0,0,0,0
0,0,0,0
0,0,0,0
0,0,0,0
0,0,0,0
0,0,0,0
0,0,0,0
0,0,0,0
0,0,0,0
0,0,0,0
0,0,0,0
0,0,0,0
0,0,0,0
5,0,0,0
0,0,0,0
0,0,0,0
0,0,0,0
0,0,0,0
0,0,0,0
0,0,0,0
0,0,0,0
0,0,0,0
0,0,0,0
0,0,0,0
0,0,0,0
0,0,0,0
0,0,0,0
0,0,0,0
0,0,0,0
0,0,0,0
0,0,0,0
0,0,0,0
0,0,0,0
0,0,0,0
5,5,0,0
0,0,0,0
0,0,0,0
5,0,0,0
10,5,0,0
0,0,0,0
5,0,0,0
5,5,0,0
5,0,0,0
5,0,0,0
0,0,0,0
0,0,0,0
0,0,0,0
0,0,0,0
0,0,0,0
0,0,0,0
0,0,0,0
0,0,0,0
0,0,0,0
0,0,0,0
0,0,0,0
0,0,0,0
0,0,0,0
0,0,0,0
0,0,0,0
5,0,0,0
0,0,0,0
0,0,0,0
0,0,0,0
0,0,0,0
0,0,0,0
0,0,0,0
0,0,0,0
0,0,0,0
10,0,0,0
0,0,0,0
0,0,0,0
0,0,0,0
0,0,0,0
5,0,0,0
0,0,0,0
0,0,0,0
0,5,0,0
0,5,0,0
15,5,0,0
0,0,0,0
5,0,0,0
0,0,0,0
5,0,0,0
0,0,0,0
10,5,0,0
0,0,0,0
0,0,0,0
0,0,0,0
5,0,0,0
10,0,0,0
0,0,0,0
5,0,0,0
5,0,0,0
10,0,0,0
5,0,0,0
0,0,0,0
0,0,0,0
0,0,0,0
0,0,0,0
0,5,0,0
0,0,0,0
0,0,0,0
5,0,0,0
5,5,0,0
0,0,0,0
0,0,0,0
0,0,0,0
0,0,0,0
0,0,0,0
0,0,0,0
0,0,0,0
0,0,0,0
0,0,0,0
0,0,0,0
0,0,0,0
0,0,0,0
0,0,0,0
0,0,0,0
0,0,0,0
0,0,0,0
0,0,0,0
0,0,0,0
0,0,0,0
0,0,0,0
0,0,0,0
0,0,0,0
0,0,0,0
0,0,0,0
0,0,0,0
5,0,0,0
0,0,0,0
0,0,0,0
0,0,0,0
0,0,0,0
5,0,0,0
0,0,0,0
0,0,0,0
0,0,0,0
0,0,0,0
0,0,0,0
5,0,0,0
0,0,0,0
0,0,0,0
0,0,0,0
5,0,0,0
0,0,0,0
0,0,0,0
0,0,0,0
5,0,0,0
0,0,0,0
5,0,0,0
5,0,0,0
0,0,0,0
10,5,0,0
0,0,0,0
0,0,0,0
0,0,0,0
0,0,0,0
0,0,0,0
0,0,0,0
5,0,0,0
0,0,0,0
0,0,0,0
0,0,0,0
0,0,0,0
0,0,0,0
5,5,0,0
5,0,0,0
0,0,0,0
0,0,0,0
0,0,0,0
0,0,0,0
0,0,0,0
5,0,0,0
5,0,0,0
5,0,0,0
0,0,0,0
0,0,0,0
5,0,0,0
0,0,0,0
0,0,0,0
0,0,0,0
0,0,0,0
0,0,0,0
0,0,0,0
0,0,0,0
0,0,0,0
0,0,0,0
0,0,0,0
0,0,0,0
5,0,0,0
0,0,0,0
0,0,0,0
0,0,0,0
5,0,0,0
5,0,0,0
0,0,0,0
0,0,0,0
0,0,0,0
0,0,0,0
0,0,0,0
0,0,0,0
0,0,0,0
0,0,0,0
10,0,0,0
0,0,0,0
0,0,0,0
0,0,0,0
0,0,0,0
0,0,0,0
0,0,0,0
0,0,0,0
0,0,0,0
0,0,0,0
0,0,0,0
0,0,0,0
0,0,0,0
0,0,0,0
0,0,0,0
0,0,0,0
5,0,0,0
0,0,0,0
20,15,0,0
0,0,0,0
0,0,0,0
10,5,0,0
5,5,0,0
10,10,0,0
0,0,0,0
5,0,0,0
0,5,0,0
0,0,0,0
0,0,0,0
5,5,0,0
0,0,0,0
0,0,0,0
0,0,0,0
5,5,0,0
0,0,0,0
0,0,0,0
5,0,0,0
10,0,0,0
5,0,0,0
0,0,0,0
0,0,0,0
0,0,0,0
0,0,0,0
0,0,0,0
0,0,0,0
0,0,0,0
0,0,0,0
0,0,0,0
0,0,0,0
5,5,0,0
0,0,0,0
0,0,0,0
0,0,0,0
0,0,0,0
30,25,0,0
0,0,0,0
5,0,0,0
5,0,0,0
0,0,0,0
10,0,0,0
0,0,0,0
0,0,0,0
0,0,0,0
0,0,0,0
0,0,0,0
0,0,0,0
0,0,0,0
0,0,0,0
10,0,0,0
0,0,0,0
0,0,0,0
0,0,0,0
0,0,0,0
0,0,0,0
10,0,0,0
0,0,0,0
0,0,0,0
0,0,0,0
0,0,0,0
0,0,0,0
0,0,0,0
0,0,0,0
0,0,0,0
0,0,0,0
0,0,0,0
0,0,0,0
0,0,0,0
0,0,0,0
0,0,0,0
0,0,0,0
0,0,0,0
0,0,0,0
0,0,0,0
0,0,0,0
0,0,0,0
0,0,0,0
0,0,0,0
0,0,0,0
0,0,0,0
0,0,0,0
0,0,0,0
0,0,0,0
0,0,0,0
0,0,0,0
0,0,0,0
0,0,0,0
0,0,0,0
0,0,0,0
0,0,0,0
0,0,0,0
0,0,0,0
5,0,0,0
0,0,0,0
5,0,0,0
5,0,0,0
10,5,0,0
0,0,0,0
5,0,0,0
0,0,0,0
0,0,0,0
0,0,0,0
10,0,0,0
5,0,0,0
0,0,0,0
0,0,0,0
5,0,0,0
0,0,0,0
0,0,0,0
0,0,0,0
0,0,0,0
0,0,0,0
15,0,0,0
5,0,0,0
0,0,0,0
0,0,0,0
0,0,0,0
5,0,0,0
5,0,0,0
5,0,0,0
0,0,0,0
0,0,0,0
10,5,0,0
0,0,0,0
0,0,0,0
0,5,0,0
0,0,0,0
0,0,0,0
0,0,0,0
0,0,0,0
0,0,0,0
0,0,0,0
0,0,0,0
0,0,0,0
0,0,0,0
0,0,0,0
0,0,0,0
0,0,0,0
0,0,0,0
0,0,0,0
0,0,0,0
0,0,0,0
0,0,0,0
0,0,0,0
0,0,0,0
0,0,0,0
0,0,0,0
0,0,0,0
0,0,0,0
0,0,0,0
0,0,0,0
0,0,0,0
0,0,0,0
0,0,0,0
0,0,0,0
5,0,0,0
0,0,0,0
0,0,0,0
0,0,0,0
0,0,0,0
5,0,0,0
0,0,0,0
0,0,0,0
0,0,0,0
0,0,0,0
0,0,0,0
0,0,0,0
0,0,0,0
0,0,0,0
0,0,0,0
0,0,0,0
0,0,0,0
0,0,0,0
0,0,0,0
0,0,0,0
0,0,0,0
0,0,0,0
0,0,0,0
0,0,0,0
0,0,0,0
0,0,0,0
0,0,0,0
0,0,0,0
0,0,0,0
0,0,0,0
0,0,0,0
0,0,0,0
0,0,0,0
0,0,0,0
0,0,0,0
0,0,0,0
0,0,0,0
0,0,0,0
0,0,0,0
5,5,0,0
0,0,0,0
0,0,0,0
0,0,0,0
5,0,0,0
0,0,0,0
0,0,0,0
5,0,0,0
0,0,0,0
0,0,0,0
0,0,0,0
0,0,0,0
5,0,0,0
0,0,0,0
0,0,0,0
0,0,0,0
0,0,0,0
0,0,0,0
0,0,0,0
0,0,0,0
0,0,0,0
0,0,0,0
0,0,0,0
0,0,0,0
0,0,0,0
0,0,0,0
0,0,0,0
0,0,0,0
0,0,0,0
0,0,0,0
0,0,0,0
0,0,0,0
0,0,0,0
0,0,0,0
0,0,0,0
0,0,0,0
0,0,0,0
0,0,0,0
0,0,0,0
0,0,0,0
0,0,0,0
0,0,0,0
0,0,0,0
0,0,0,0
0,0,0,0
0,0,10,0
0,0,0,0
0,0,0,0
0,0,0,0
0,0,0,0
5,0,0,0
0,0,0,0
0,0,0,0
0,5,0,0
0,0,0,0
5,0,0,0
0,0,0,0
0,0,0,0
5,0,0,0
0,0,0,0
5,0,0,0
25,20,0,0
5,5,0,0
0,0,0,0
0,0,0,0
0,0,0,0
5,0,0,0
0,0,0,0
10,5,0,0
5,0,0,0
0,0,0,0
5,0,0,0
5,0,0,0
0,0,0,0
0,0,0,0
0,0,0,0
0,0,0,0
5,0,0,0
0,0,0,0
0,0,0,0
5,0,0,0
0,0,0,0
0,0,0,0
0,0,0,0
0,0,0,0
0,0,0,0
5,0,0,0
0,0,0,0
0,0,0,0
5,0,0,0
15,5,0,0
0,0,0,0
5,0,0,0
0,0,0,0
5,5,0,0
5,0,0,0
0,0,0,0
0,0,0,0
0,0,0,0
0,0,0,0
0,0,0,0
0,0,0,0
0,0,0,0
0,0,0,0
0,0,0,0
0,0,0,0
0,0,0,0
0,0,0,0
0,0,0,0
0,0,0,0
0,0,0,0
0,0,0,0
0,0,0,0
0,0,0,0
0,0,0,0
0,0,0,0
0,0,0,0
0,0,0,0
0,0,0,0
0,0,0,0
0,0,0,0
0,0,0,0
0,0,0,0
0,0,0,0
0,0,0,0
0,0,0,0
0,0,0,0
0,0,0,0
5,5,0,0
0,0,0,0
0,0,0,0
0,0,0,0
5,0,0,0
5,0,0,0
0,0,0,0
15,0,0,0
0,0,0,0
0,0,0,0
10,5,0,0
0,0,0,0
5,0,0,0
10,0,0,0
5,0,0,0
0,0,0,0
5,0,0,0
10,5,0,0
0,0,0,0
0,0,0,0
0,0,0,0
0,0,0,0
0,0,0,0
0,0,0,0
5,0,0,0
0,0,0,0
5,0,0,0
0,0,0,0
0,0,0,0
5,0,0,0
10,0,0,0
0,0,0,0
5,0,0,0
0,0,0,0
10,0,0,0
10,0,0,0
0,0,0,0
0,0,0,0
0,0,0,0
0,0,0,0
0,5,0,0
0,0,0,0
0,0,0,0
0,0,0,0
0,0,0,0
0,0,0,0
0,0,0,0
0,0,0,0
0,0,0,0
0,0,0,0
0,0,0,0
0,0,0,0
0,0,0,0
0,0,0,0
0,0,0,0
0,0,0,0
0,0,0,0
0,0,0,0
0,0,0,0
0,0,0,0
0,0,0,0
0,0,0,0
0,0,0,0
0,0,0,0
0,0,0,0
0,0,0,0
0,0,0,0
0,0,0,0
5,5,0,0
5,0,0,0
0,0,0,0
0,0,0,0
5,0,0,0
0,0,0,0
0,0,0,0
5,0,0,0
10,5,0,0
0,0,0,0
5,0,0,0
0,0,0,0
0,0,0,0
0,0,0,0
0,0,0,0
5,0,0,0
0,0,0,0
5,0,0,0
0,0,0,0
0,0,0,0
0,0,0,0
0,0,0,0
0,0,0,0
0,0,0,0
0,0,0,0
5,0,0,0
0,0,0,0
0,0,0,0
0,0,0,0
0,0,0,0
0,0,0,0
0,0,0,0
0,0,0,0
0,0,0,0
5,0,0,0
0,0,0,0
0,0,0,0
0,0,0,0
0,0,0,0
0,0,0,0
0,0,0,0
0,0,0,0
0,0,0,0
0,0,0,0
5,0,0,0
5,5,0,0
0,0,0,0
0,0,0,0
0,0,0,0
5,5,0,0
0,0,0,0
0,0,0,0
0,0,0,0
5,0,0,0
0,0,0,0
5,5,0,0
0,0,0,0
5,5,0,0
0,0,0,0
0,0,0,0
0,0,0,0
0,0,0,0
5,5,0,0
0,0,0,0
0,0,0,0
0,0,0,0
0,0,0,0
0,0,0,0
0,0,0,0
0,0,0,0
0,0,0,0
0,0,0,0
0,0,0,0
0,0,0,0
0,0,0,0
0,0,0,0
0,0,0,0
0,0,0,0
0,0,0,0
0,0,0,0
0,0,0,0
0,0,0,0
5,0,0,0
0,0,0,0
0,0,0,0
0,0,0,0
0,0,0,0
0,0,0,0
0,0,0,0
0,0,0,0
0,0,0,0
0,0,0,0
0,0,0,0
0,0,0,0
0,0,0,0
0,0,0,0
0,0,0,0
0,0,0,0
0,0,0,0
0,0,0,0
10,5,0,0
0,0,0,0
0,0,0,0
0,0,0,0
0,0,0,0
0,0,0,0
0,0,0,0
0,0,0,0
5,0,0,0
0,0,0,0
0,0,0,0
0,0,0,0
5,0,0,0
5,0,0,0
0,0,0,0
0,0,0,0
0,0,0,0
0,0,0,0
0,0,0,0
0,0,0,0
0,0,0,0
0,0,0,0
0,0,0,0
0,0,0,0
15,10,0,0
0,0,0,0
0,0,0,0
0,0,0,0
0,0,0,0
0,0,0,0
0,0,0,0
0,0,0,0
0,0,0,0
0,0,0,0
0,0,0,0
0,0,0,0
0,0,0,0
0,0,0,0
0,0,0,0
0,0,0,0
0,0,0,0
0,0,0,0
0,0,0,0
0,0,0,0
0,0,0,0
0,0,0,0
0,0,0,0
0,0,0,0
0,0,0,0
0,0,0,0
0,0,0,0
0,0,0,0
20,10,0,0
15,10,0,0
15,0,0,0
0,0,0,0
0,0,0,0
0,0,0,0
5,0,0,0
10,0,0,0
0,0,0,0
0,0,0,0
0,0,0,0
10,5,0,0
0,0,0,0
0,0,0,0
0,0,0,0
0,0,0,0
0,0,0,0
0,0,0,0
0,0,0,0
0,0,0,0
0,0,0,0
0,0,0,0
0,0,0,0
0,0,0,0
0,0,0,0
0,0,0,0
0,0,0,0
0,0,0,0
0,0,0,0
0,0,0,0
0,0,0,0
0,0,0,0
0,0,0,0
0,0,0,0
0,0,0,0
0,0,0,0
0,0,0,0
0,0,0,0
0,0,0,0
0,0,0,0
0,0,0,0
0,0,0,0
0,0,0,0
0,0,0,0
5,0,0,0
0,0,0,0
0,0,0,0
0,0,0,0
0,0,0,0
0,0,0,0
0,0,0,0
0,0,0,0
0,0,0,0
0,0,0,0
0,0,0,0
0,0,0,0
0,0,0,0
0,0,0,0
0,0,0,0
0,0,0,0
0,0,0,0
0,0,0,0
0,0,0,0
0,0,0,0
0,0,0,0
0,0,0,0
0,0,0,0
0,0,0,0
0,0,0,0
0,0,0,0
0,0,0,0
0,0,0,0
0,0,0,0
0,0,0,0
0,0,0,0
0,0,0,0
0,0,0,0
0,0,0,0
0,0,0,0
0,0,0,0
0,0,0,0
0,0,0,0
0,0,0,0
0,0,0,0
5,0,0,0
0,0,0,0
0,0,0,0
0,0,0,0
0,0,0,0
0,0,0,0
0,0,0,0
0,0,0,0
0,0,0,0
0,0,0,0
0,0,0,0
0,0,0,0
0,0,0,0
0,0,0,0
0,0,0,0
0,0,0,0
0,0,0,0
5,0,0,0
0,0,0,0
0,0,0,0
0,0,0,0
0,0,0,0
0,0,0,0
0,0,0,0
0,0,0,0
0,0,0,0
0,0,0,0
0,0,0,0
0,0,0,0
0,0,0,0
0,0,0,0
0,0,0,0
0,0,0,0
0,0,0,0
0,0,0,0
0,0,0,0
0,0,0,0
0,0,0,0
0,0,0,0
0,0,0,0
0,0,0,0
0,0,0,0
0,0,0,0
0,0,0,0
0,0,0,0
0,0,0,0
0,0,0,0
0,0,0,0
0,0,0,0
0,0,0,0
0,0,0,0
0,0,0,0
0,0,0,0
0,0,0,0
0,0,0,0
0,0,0,0
0,0,0,0
5,0,0,0
10,5,0,0
5,0,0,0
5,0,0,0
0,0,0,0
0,0,0,0
0,0,0,0
0,0,0,0
0,0,0,0
0,0,0,0
0,0,0,0
0,0,0,0
0,0,0,0
0,0,0,0
0,0,0,0
0,0,0,0
0,0,0,0
0,0,0,0
0,0,10,0
0,0,0,0
0,0,0,0
0,0,0,0
0,0,0,0
0,0,0,0
0,0,0,0
0,0,0,0
0,0,0,0
0,0,0,0
0,0,0,0
0,0,0,0
0,0,0,0
0,0,0,0
0,0,0,0
5,0,0,0
0,0,0,0
0,0,0,0
0,0,0,0
0,0,0,0
0,0,0,0
0,0,0,0
5,0,0,0
0,0,0,0
0,0,0,0
0,0,0,0
0,0,0,0
0,0,0,0
0,0,0,0
0,0,0,0
0,0,0,0
0,0,0,0
0,0,0,0
0,0,0,0
0,0,0,0
0,0,0,0
0,0,0,0
5,0,0,0
0,0,0,0
0,0,0,0
0,0,0,0
0,0,0,0
0,0,0,0
0,0,0,0
0,0,0,0
0,0,0,0
5,0,0,0
0,0,0,0
0,0,0,0
0,0,0,0
0,0,0,0
0,0,0,0
0,0,0,0
0,0,0,0
5,0,0,0
0,0,0,0
0,0,0,0
0,0,0,0
0,0,0,0
0,0,0,0
0,0,0,0
0,0,0,0
0,0,0,0
0,0,0,0
0,0,0,0
0,0,0,0
0,0,0,0
0,0,0,0
0,0,0,0
0,0,0,0
0,0,0,0
0,0,0,0
0,0,0,0
0,0,0,0
0,0,0,0
0,0,0,0
0,0,0,0
0,0,0,0
0,0,0,0
0,0,0,0
0,0,0,0
0,0,0,0
0,0,0,0
0,0,0,0
0,0,0,0
0,0,0,0
0,0,0,0
0,0,0,0
0,0,0,0
0,0,0,0
0,0,0,0
0,0,0,0
0,0,0,0
0,0,0,0
0,0,0,0
0,0,0,0
0,0,0,0
0,0,0,0
5,0,0,0
0,0,0,0
0,0,0,0
0,0,0,0
0,0,0,0
0,0,0,0
0,0,0,0
0,0,0,0
0,0,0,0
0,0,0,0
0,0,0,0
0,0,0,0
0,0,0,0
5,0,0,0
0,0,0,0
0,0,0,0
0,0,0,0
0,0,0,0
0,0,0,0
0,0,0,0
0,0,0,0
0,0,0,0
0,0,0,0
0,0,0,0
0,0,0,0
0,0,0,0
0,0,0,0
0,0,0,0
0,0,0,0
0,0,0,0
0,0,0,0
10,5,0,0
0,0,0,0
25,10,0,0
5,0,0,0
0,0,0,0
0,0,0,0
5,0,0,0
5,0,0,0
0,0,0,0
0,0,0,0
5,5,0,0
0,0,0,0
0,0,0,0
0,0,0,0
0,0,0,0
0,0,0,0
0,0,0,0
0,0,0,0
0,0,0,0
10,5,0,0
0,0,0,0
5,0,0,0
0,0,0,0
0,0,0,0
0,0,0,0
5,0,0,0
5,0,0,0
0,0,0,0
0,0,0,0
0,0,0,0
0,0,0,0
0,0,0,0
0,0,0,0
0,0,0,0
0,0,0,0
0,0,0,0
0,0,0,0
0,0,0,0
0,0,0,0
0,0,0,0
0,0,0,0
0,0,0,0
0,0,0,0
0,0,0,0
0,0,0,0
0,0,0,0
0,0,0,0
0,0,0,0
5,0,0,0
5,5,0,0
0,0,0,0
0,0,0,0
0,0,0,0
0,0,0,0
0,0,0,0
0,0,0,0
0,0,0,0
0,0,0,0
0,0,0,0
0,0,0,0
0,0,0,0
10,0,0,0
0,0,0,0
0,0,0,0
0,0,0,0
0,0,0,0
0,0,0,0
0,0,0,0
10,0,0,0
5,0,0,0
0,0,0,0
0,0,0,0
5,0,0,0
0,0,0,0
0,0,0,0
0,0,0,0
0,0,0,0
0,0,0,0
0,0,0,0
0,0,0,0
0,0,0,0
0,0,0,0
0,0,0,0
0,0,0,0
5,0,0,0
0,0,0,0
5,0,0,0
0,0,0,0
5,0,0,0
0,0,0,0
0,0,0,0
0,0,0,0
0,0,0,0
5,5,0,0
5,0,0,0
0,0,0,0
0,0,0,0
0,0,0,0
0,0,0,0
5,0,0,0
10,5,0,0
0,0,0,0
0,0,0,0
0,0,0,0
0,0,0,0
0,0,0,0
0,0,0,0
0,0,0,0
0,0,0,0
0,0,0,0
0,0,0,0
5,0,0,0
0,0,0,0
0,0,0,0
0,0,0,0
0,0,0,0
0,0,0,0
0,0,0,0
0,0,0,0
0,0,0,0
5,0,0,0
15,0,0,0
5,0,0,0
0,0,0,0
0,0,0,0
0,0,0,0
0,0,0,0
0,0,0,0
0,0,0,0
0,0,0,0
0,0,0,0
0,0,0,0
0,0,0,0
0,0,0,0
0,0,0,0
0,0,0,0
0,0,0,0
0,0,0,0
0,0,0,0
0,0,0,0
0,0,0,0
0,0,0,0
0,0,0,0
0,0,0,0
0,0,0,0
0,0,0,0
0,0,0,0
0,0,0,0
15,10,0,0
25,15,0,0
0,0,0,0
0,0,0,0
0,0,0,0
0,0,0,0
0,0,0,0
0,0,0,0
5,0,0,0
0,0,0,0
0,0,0,0
0,0,0,0
0,0,0,0
0,0,0,0
0,0,0,0
0,0,0,0
0,0,0,0
0,0,0,0
0,0,0,0
0,0,0,0
0,5,0,0
0,0,0,0
0,0,0,0
0,0,0,0
0,0,0,0
0,0,0,0
0,0,0,0
0,0,0,0
0,0,0,0
0,0,0,0
0,0,0,0
0,0,0,0
0,0,0,0
0,0,0,0
0,0,0,0
0,0,0,0
0,0,0,0
0,0,0,0
0,0,0,0
0,0,0,0
0,0,0,0
0,0,0,0
0,0,0,0
0,0,0,0
0,0,0,0
0,0,0,0
0,0,0,0
0,0,0,0
0,0,0,0
0,0,0,0
0,0,0,0
0,0,0,0
0,0,0,0
0,0,0,0
0,0,0,0
0,0,0,0
0,0,0,0
10,5,0,0
0,0,0,0
0,0,0,0
0,0,0,0
0,0,0,0
0,0,0,0
0,0,0,0
0,0,0,0
0,0,0,0
0,0,0,0
0,0,0,0
0,0,0,0
0,0,0,0
0,0,0,0
0,0,0,0
0,0,0,0
0,0,0,0
0,0,0,0
0,0,0,0
5,0,0,0
0,0,0,0
0,0,0,0
0,0,0,0
0,0,0,0
5,0,0,0
5,0,0,0
0,0,0,0
0,0,0,0
0,0,0,0
0,0,0,0
0,0,0,0
0,0,0,0
0,0,0,0
0,0,0,0
0,0,0,0
0,0,0,0
0,0,0,0
0,0,0,0
0,0,0,0
0,0,0,0
0,0,0,0
0,0,0,0
0,0,0,0
0,0,0,0
0,0,0,0
0,0,0,0
0,0,0,0
0,0,0,0
0,0,0,0
0,0,0,0
0,0,0,0
0,0,0,0
0,0,0,0
0,0,0,0
0,0,0,0
0,0,0,0
0,0,0,0
0,0,0,0
0,0,0,0
0,0,0,0
5,0,0,0
0,0,0,0
0,0,0,0
0,0,0,0
0,0,0,0
0,0,0,0
0,0,0,0
0,0,0,0
5,0,0,0
0,0,0,0
0,0,0,0
0,0,0,0
5,5,0,0
0,0,0,0
0,5,0,0
10,0,0,0
5,5,0,0
30,10,0,0
5,0,0,0
0,0,0,0
0,0,0,0
0,0,0,0
0,0,0,0
5,0,0,0
5,0,0,0
5,5,0,0
0,0,0,0
0,0,0,0
0,0,0,0
0,0,0,0
0,0,0,0
0,0,0,0
0,0,0,0
0,0,0,0
0,0,0,0
0,0,0,0
0,0,0,0
0,0,0,0
0,0,0,0
0,0,0,0
0,0,0,0
0,0,0,0
0,0,0,0
0,0,0,0
0,0,0,0
0,0,0,0
0,0,0,0
0,0,0,0
0,0,0,0
0,0,0,0
0,0,0,0
0,0,0,0
0,0,0,0
0,0,0,0
0,0,0,0
0,0,0,0
0,0,0,0
5,0,0,0
0,0,0,0
5,5,0,0
0,0,0,0
5,5,0,0
0,0,0,0
5,5,0,0
10,10,0,0
0,0,0,0
0,0,0,0
0,0,0,0
0,0,0,0
5,0,0,0
0,0,0,0
5,0,0,0
0,0,0,0
0,0,0,0
0,0,0,0
0,0,0,0
0,0,0,0
0,0,0,0
0,0,0,0
0,0,0,0
0,0,0,0
0,0,0,0
0,0,0,0
0,0,0,0
0,0,0,0
0,0,0,0
0,0,0,0
0,0,0,0
0,0,0,0
0,0,0,0
0,0,0,0
0,0,0,0
0,0,0,0
0,0,0,0
0,0,0,0
0,0,0,0
0,0,0,0
0,0,0,0
0,0,0,0
5,0,0,0
0,0,0,0
5,0,0,0
0,0,0,0
0,0,0,0
0,0,0,0
0,0,0,0
0,0,0,0
0,0,0,0
5,0,0,0
0,0,0,0
5,0,0,0
0,0,0,0
0,0,0,0
0,0,0,0
0,0,0,0
0,0,0,0
0,0,0,0
0,0,0,0
0,0,0,0
0,0,0,0
0,0,0,0
0,0,0,0
0,0,0,0
0,0,0,0
0,0,0,0
0,0,0,0
0,0,0,0
0,0,0,0
0,0,0,0
0,0,0,0
5,0,0,0
10,0,0,0
0,0,0,0
0,0,0,0
0,0,0,0
5,0,0,0
0,0,0,0
0,0,0,0
0,0,0,0
5,5,0,0
5,0,0,0
0,0,0,0
5,0,0,0
5,0,0,0
10,0,0,0
5,0,0,0
0,0,0,0
0,0,0,0
5,0,0,0
5,0,0,0
10,5,0,0
0,0,0,0
5,0,0,0
0,0,0,0
0,0,0,0
0,0,0,0
15,5,0,0
5,5,0,0
20,5,0,0
0,0,0,0
5,0,0,0
5,0,0,0
0,0,0,0
0,0,0,0
0,0,0,0
0,0,0,0
0,0,0,0
0,0,0,0
0,0,0,0
0,0,0,0
0,0,0,0
0,0,0,0
0,0,0,0
0,0,0,0
0,0,0,0
0,0,0,0
0,0,0,0
0,0,0,0
0,0,0,0
0,0,0,0
0,0,0,0
0,0,0,0
0,0,0,0
0,0,0,0
0,0,0,0
0,0,0,0
0,0,0,0
0,0,0,0
0,0,0,0
0,0,0,0
0,0,0,0
0,0,0,0
0,0,0,0
0,0,0,0
0,0,0,0
0,0,0,0
0,0,0,0
0,0,0,0
0,0,0,0
0,0,0,0
0,0,0,0
0,0,0,0
15,5,0,0
0,0,0,0
0,0,0,0
0,0,0,0
0,0,0,0
0,0,0,0
0,0,0,0
0,0,0,0
0,0,0,0
0,0,0,0
0,0,0,0
0,0,0,0
0,0,0,0
0,0,0,0
0,0,0,0
0,0,0,0
0,0,0,0
0,0,0,0
0,0,0,0
0,0,0,0
0,0,0,0
0,0,0,0
5,5,0,0
0,0,0,0
0,0,0,0
0,0,0,0
0,0,0,0
0,0,0,0
0,0,0,0
0,0,0,0
0,0,0,0
0,0,0,0
0,0,0,0
0,0,0,0
0,0,0,0
0,0,0,0
0,0,0,0
0,0,0,0
0,0,0,0
0,0,0,0
0,0,0,0
0,0,0,0
0,0,0,0
0,0,0,0
0,0,0,0
0,0,0,0
0,0,0,0
0,0,0,0
0,0,0,0
0,0,0,0
0,0,0,0
0,0,0,0
0,0,0,0
0,0,0,0
0,0,0,0
0,0,0,0
0,0,0,0
0,0,0,0
0,0,0,0
0,0,0,0
0,0,0,0
0,0,0,0
0,0,0,0
0,0,0,0
0,0,0,0
0,0,0,0
0,0,0,0
0,0,0,0
0,0,0,0
0,0,0,0
0,0,0,0
0,0,0,0
0,0,0,0
0,0,0,0
0,0,0,0
0,0,0,0
0,0,0,0
0,0,0,0
0,0,0,0
0,0,0,0
0,0,0,0
0,0,0,0
0,0,0,0
0,0,0,0
0,0,0,0
0,0,0,0
0,0,0,0
0,0,0,0
0,0,0,0
0,0,0,0
0,0,0,0
0,0,0,0
0,0,0,0
0,0,0,0
0,0,0,0
0,0,0,0
0,0,0,0
0,0,0,0
0,0,0,0
0,0,0,0
0,0,0,0
0,0,0,0
0,0,0,0
0,0,0,0
0,0,0,0
0,0,0,0
0,0,0,0
0,0,0,0
0,0,0,0
0,0,0,0
0,0,0,0
0,0,0,0
0,0,0,0
0,0,0,0
0,0,0,0
0,0,0,0
0,0,0,0
0,0,0,0
0,0,0,0
0,0,0,0
0,0,0,0
0,0,0,0
0,0,0,0
0,0,0,0
0,0,0,0
0,0,0,0
0,0,0,0
0,0,0,0
0,0,0,0
0,0,0,0
0,0,0,0
0,0,0,0
0,0,0,0
0,0,0,0
0,0,0,0
0,0,0,0
0,0,0,0
0,0,0,0
0,0,0,0
0,0,0,0
0,0,0,0
0,0,0,0
0,0,0,0
0,0,0,0
0,0,0,0
0,0,0,0
0,0,0,0
0,0,0,0
0,0,0,0
0,0,0,0
0,0,0,0
0,0,0,0
0,0,0,0
0,0,0,0
0,0,0,0
0,0,0,0
0,0,0,0
0,0,0,0
0,0,0,0
0,0,0,0
5,0,0,0
0,0,0,0
5,0,0,0
0,0,0,0
0,0,0,0
0,0,0,0
0,0,0,0
0,0,0,0
0,0,0,0
0,0,0,0
0,0,0,0
0,0,0,0
0,0,0,0
5,0,0,0
0,0,0,0
0,0,0,0
0,0,0,0
0,0,0,0
0,0,0,0
0,0,0,0
0,0,0,0
0,0,0,0
0,0,0,0
0,0,0,0
0,0,0,0
0,0,0,0
0,0,0,0
0,0,0,0
0,0,0,0
0,0,0,0
0,0,0,0
0,0,0,0
0,0,0,0
0,0,0,0
0,0,0,0
0,0,0,0
0,0,0,0
0,0,0,0
0,0,0,0
0,0,0,0
0,0,0,0
0,0,0,0
0,0,0,0
0,0,0,0
0,0,0,0
0,0,0,0
0,0,0,0
0,0,0,0
0,0,0,0
0,0,0,0
0,0,0,0
0,0,0,0
0,0,0,0
5,0,0,0
0,0,0,0
0,0,0,0
0,0,0,0
0,0,0,0
0,0,0,0
0,0,0,0
0,0,0,0
0,0,0,0
0,0,0,0
0,0,0,0
5,0,0,0
0,0,0,0
0,0,0,0
0,0,0,0
0,0,0,0
0,0,0,0
0,0,0,0
0,0,0,0
0,0,0,0
0,0,0,0
0,0,0,0
0,0,0,0
0,0,0,0
0,0,0,0
0,0,0,0
0,0,0,0
0,0,0,0
0,0,0,0
0,0,0,0
0,0,0,0
0,0,0,0
0,0,0,0
0,5,0,0
0,0,0,0
0,0,0,0
10,5,0,0
20,10,0,0
0,0,0,0
0,0,0,0
0,0,0,0
0,0,0,0
0,0,0,0
0,0,0,0
0,0,0,0
0,0,0,0
0,0,0,0
0,0,0,0
0,0,0,0
0,0,0,0
0,0,0,0
0,0,0,0
0,0,0,0
0,0,0,0
0,0,0,0
0,0,0,0
0,0,0,0
0,0,0,0
0,0,0,0
0,0,0,0
0,0,0,0
0,0,0,0
0,0,0,0
0,0,0,0
0,0,0,0
0,0,0,0
0,0,0,0
0,0,0,0
0,0,0,0
5,0,0,0
0,0,0,0
0,0,0,0
5,5,0,0
0,0,0,0
0,0,0,0
0,0,0,0
0,0,0,0
0,0,0,0
5,5,0,0
0,0,0,0
5,5,0,0
0,0,0,0
0,0,0,0
0,0,0,0
0,0,0,0
0,0,0,0
5,0,0,0
10,5,0,0
0,0,0,0
0,0,0,0
0,0,0,0
5,0,0,0
10,5,0,0
0,0,0,0
0,0,0,0
0,0,0,0
0,0,0,0
0,0,0,0
5,0,0,0
0,0,0,0
5,0,0,0
0,0,0,0
0,0,0,0
0,0,0,0
0,0,0,0
5,10,0,0
0,0,0,0
0,0,0,0
0,0,0,0
0,0,0,0
5,0,0,0
0,0,0,0
0,0,0,0
0,0,0,0
0,0,0,0
5,0,0,0
0,0,0,0
5,0,0,0
5,0,0,0
5,0,0,0
0,0,0,0
0,0,0,0
0,0,0,0
0,0,0,0
0,0,0,0
0,0,0,0
0,0,0,0
0,0,0,0
0,0,0,0
0,0,0,0
0,0,0,0
0,0,0,0
0,0,0,0
0,0,0,0
0,0,0,0
0,0,0,0
0,0,0,0
0,0,0,0
0,0,0,0
0,0,0,0
0,0,0,0
0,0,0,0
0,0,0,0
0,0,0,0
0,0,0,0
0,0,0,0
0,0,0,0
0,0,0,0
0,0,0,0
0,0,0,0
0,0,0,0
0,0,0,0
0,0,0,0
0,0,0,0
0,0,0,0
0,0,0,0
0,0,0,0
0,0,0,0
0,0,0,0
0,0,0,0
0,0,0,0
0,0,0,0
0,0,0,0
0,0,0,0
0,0,0,0
0,0,0,0
0,0,0,0
0,0,0,0
0,0,0,0
0,0,0,0
0,0,0,0
0,0,0,0
0,0,0,0
0,0,0,0
0,0,0,0
0,0,0,0
0,0,0,0
0,0,0,0
0,0,0,0
0,0,0,0
0,0,0,0
0,0,0,0
0,0,0,0
0,0,0,0
0,0,0,0
0,0,0,0
0,0,0,0
0,0,0,0
0,0,0,0
0,0,0,0
0,0,0,0
0,0,0,0
5,0,0,0
5,5,0,0
5,0,0,0
0,0,0,0
0,0,0,0
0,0,0,0
5,5,0,0
0,0,0,0
10,0,0,0
0,0,0,0
0,0,0,0
0,0,0,0
0,0,0,0
0,0,0,0
0,0,0,0
0,0,0,0
0,0,0,0
0,0,0,0
0,0,0,0
0,0,0,0
0,0,0,0
0,0,0,0
0,0,0,0
0,0,0,0
0,0,0,0
0,0,0,0
0,0,0,0
0,0,0,0
0,0,0,0
0,0,0,0
0,0,0,0
0,0,0,0
0,0,0,0
0,0,0,0
0,0,0,0
0,0,0,0
0,5,0,0
0,0,0,0
0,0,0,0
0,0,0,0
0,0,0,0
0,0,0,0
0,0,0,0
0,0,0,0
0,0,0,0
0,0,0,0
0,0,0,0
0,0,0,0
0,0,0,0
0,0,0,0
0,0,0,0
0,0,0,0
5,0,0,0
0,0,0,0
0,0,0,0
10,5,0,0
0,0,0,0
5,5,0,0
0,0,0,0
0,0,0,0
0,0,0,0
0,0,0,0
10,0,0,0
0,0,0,0
0,0,0,0
0,0,0,0
5,0,0,0
0,0,0,0
0,0,0,0
5,0,0,0
0,0,0,0
5,0,0,0
0,0,0,0
5,0,0,0
0,0,0,0
5,0,0,0
10,5,0,0
5,0,0,0
0,0,0,0
0,0,0,0
0,0,0,0
0,0,0,0
0,0,0,0
0,0,0,0
5,0,0,0
15,5,0,0
0,0,0,0
0,0,0,0
10,0,0,0
5,0,0,0
0,0,0,0
0,0,0,0
0,0,0,0
0,0,0,0
0,0,0,0
0,0,0,0
0,0,0,0
0,0,0,0
0,0,0,0
0,0,0,0
0,0,0,0
0,0,0,0
0,0,0,0
0,0,0,0
0,0,0,0
0,0,0,0
0,0,0,0
0,0,0,0
0,0,0,0
0,0,0,0
0,0,0,0
0,0,0,0
0,0,0,0
0,0,0,0
0,0,0,0
0,0,0,0
0,0,0,0
0,0,0,0
0,0,0,0
0,0,0,0
0,0,0,0
0,0,0,0
0,0,0,0
0,0,0,0
0,0,0,0
0,0,0,0
0,0,0,0
5,0,0,0
0,0,0,0
0,0,0,0
0,0,0,0
0,0,0,0
0,0,0,0
0,0,0,0
10,0,0,0
10,0,0,0
0,0,0,0
0,0,0,0
5,0,0,0
5,0,0,0
0,0,0,0
0,0,0,0
5,0,0,0
0,0,0,0
0,0,0,0
5,5,0,0
0,0,0,0
0,0,0,0
0,0,0,0
0,0,0,0
0,0,0,0
5,0,0,0
5,0,0,0
5,0,0,0
10,0,0,0
5,0,0,0
5,0,0,0
0,0,0,0
5,0,0,0
0,0,0,0
0,0,0,0
0,0,0,0
0,5,0,0
0,0,0,0
5,0,0,0
0,0,0,0
5,0,0,0
0,0,0,0
0,0,0,0
0,5,0,0
15,0,0,0
0,0,0,0
0,0,0,0
0,0,0,0
0,0,0,0
0,0,0,0
0,0,0,0
0,0,0,0
0,0,0,0
0,0,0,0
0,0,0,0
0,0,0,0
0,0,0,0
0,0,0,0
0,0,0,0
0,0,0,0
0,0,0,0
0,0,0,0
0,0,0,0
0,0,0,0
0,0,0,0
0,0,0,0
0,0,0,0
5,0,0,0
5,0,0,0
0,0,0,0
0,0,0,0
0,0,0,0
5,5,0,0
0,0,0,0
0,5,0,0
5,0,0,0
10,0,0,0
0,0,0,0
5,0,0,0
0,0,0,0
0,0,0,0
0,0,0,0
0,0,0,0
0,0,0,0
10,0,0,0
0,0,0,0
5,5,0,0
0,0,0,0
0,0,0,0
0,5,0,0
5,0,0,0
10,0,0,0
0,0,0,0
5,0,0,0
0,0,0,0
5,0,0,0
30,15,0,10
0,0,0,10
10,0,0,10
0,0,0,10
5,0,0,10
0,0,0,10
40,15,0,10
5,0,0,10
10,0,0,10
5,0,0,10
0,0,0,10
0,0,0,10
0,0,0,10
0,5,0,10
5,0,0,10
5,5,0,10
5,0,0,10
0,0,0,10
0,0,0,10
0,0,0,10
0,0,0,10
0,0,0,10
5,0,0,10
5,0,0,10
0,0,0,10
45,25,15,10
5,0,10,10
0,0,0,10
5,0,0,10
5,5,0,10
5,0,0,10
5,5,0,10
0,0,0,10
0,0,0,10
5,0,0,10
5,0,0,10
0,0,0,10
0,0,0,10
5,0,0,10
0,0,0,10
0,0,0,10
5,0,0,10
0,0,0,10
0,0,0,10
10,0,0,10
5,5,0,10
0,0,0,10
5,0,0,10
10,5,0,10
5,0,0,10
5,0,0,10
5,0,0,10
5,0,0,10
0,0,0,10
15,0,0,10
5,0,0,10
10,5,0,10
5,5,0,10
0,0,0,10
0,0,0,10
5,0,0,10
5,0,0,10
0,0,0,10
5,0,0,10
0,0,0,10
10,0,0,10
10,0,0,10
5,0,0,10
0,0,0,10
5,0,0,10
0,0,0,10
0,0,0,10
0,0,0,10
5,5,0,10
10,5,0,10
10,5,0,10
20,5,0,10
5,5,0,10
5,0,0,10
5,0,0,10
5,0,0,10
5,0,0,10
0,0,0,10
0,0,0,10
5,0,0,10
0,0,0,10
15,5,0,10
5,0,0,10
0,0,0,10
0,0,0,10
0,0,0,10
15,10,0,10
10,0,0,10
0,0,0,10
5,0,0,10
0,0,0,10
15,10,0,10
5,0,0,10
0,0,0,10
10,5,0,10
0,0,0,10
0,0,0,10
10,0,0,10
5,0,0,10
0,0,0,10
5,0,0,10
15,0,0,10
0,0,0,10
5,0,0,10
0,0,0,10
5,0,0,10
10,5,0,10
5,0,0,10
5,0,0,10
10,5,0,10
10,0,0,10
5,0,0,10
5,5,0,10
5,0,0,10
5,0,0,10
0,0,0,10
0,0,0,10
15,0,0,10
15,0,0,10
0,0,0,10
0,0,0,10
10,0,0,10
5,0,0,10
20,10,0,10
5,0,0,10
0,0,0,10
0,0,0,10
0,5,0,10
15,5,0,10
5,5,0,10
10,5,0,10
5,0,0,10
5,0,0,10
0,0,0,10
0,0,0,10
0,0,0,10
0,0,0,10
10,5,0,10
5,0,0,10
10,0,0,10
15,10,0,10
20,0,0,10
5,0,0,10
5,0,0,10
5,0,0,10
15,0,0,10
5,5,0,10
5,0,0,10
10,5,0,10
5,0,0,10
5,0,0,10
5,0,0,10
0,0,0,10
0,0,0,10
10,0,0,10
10,5,0,10
10,0,0,10
5,5,0,10
0,0,0,10
5,0,0,10
5,0,0,10
5,0,0,10
5,0,0,10
10,5,0,10
0,0,0,10
5,0,0,10
5,0,0,10
0,0,0,10
0,0,0,10
0,0,0,10
5,0,0,10
5,0,0,10
20,5,0,10
5,0,0,10
5,0,0,10
5,0,0,10
10,5,0,10
5,0,0,10
0,0,0,10
20,10,0,10
0,0,0,10
10,0,0,10
0,0,0,10
5,0,0,10
5,0,0,10
0,0,0,10
5,0,0,10
0,0,0,10
20,5,0,10
5,5,0,10
25,10,0,10
0,0,0,10
5,0,0,10
10,0,0,10
5,5,0,10
0,0,0,10
0,0,0,10
0,0,0,10
0,0,0,10
5,0,0,10
5,0,0,10
10,0,0,10
5,0,0,10
0,0,0,10
0,0,0,10
0,0,0,10
0,0,0,10
5,0,0,10
0,0,0,10
5,0,0,10
10,0,0,10
0,0,0,10
0,0,0,10
0,0,0,10
0,0,0,10
0,0,0,10
5,0,0,10
5,0,0,10
10,0,0,10
0,0,0,10
0,0,0,10
0,0,0,10
15,0,0,10
5,0,0,10
0,0,0,10
15,5,0,10
0,0,0,10
5,0,0,10
0,0,0,10
10,0,0,10
5,0,0,10
0,0,0,10
10,0,0,10
0,0,0,10
0,0,0,10
0,0,0,10
10,5,0,10
0,0,0,10
5,0,0,10
10,0,0,10
5,0,0,10
0,0,0,10
0,0,0,10
0,0,0,10
10,0,0,10
0,0,0,10
0,0,0,10
5,0,0,10
0,0,0,10
0,0,0,10
5,0,0,10
0,0,0,10
0,0,0,10
5,0,0,10
15,10,0,10
10,0,0,10
0,0,0,10
5,0,0,10
5,5,0,10
5,0,0,10
0,0,0,10
0,0,0,10
0,0,0,10
20,10,0,10
5,5,0,10
5,0,0,10
0,0,0,10
0,0,0,10
5,0,0,10
15,0,0,10
5,0,0,10
5,0,0,10
0,0,0,10
0,0,0,10
5,0,0,10
30,10,0,10
0,0,0,10
0,0,0,10
10,5,0,10
0,0,0,10
0,0,0,10
10,0,0,10
10,0,0,10
5,0,0,10
10,10,0,10
15,0,0,10
10,5,0,10
5,5,0,10
0,0,0,10
10,0,0,10
15,0,0,10
5,5,0,10
0,0,0,10
0,0,0,10
0,0,0,10
5,0,0,10
5,0,0,10
15,0,0,10
0,0,0,10
0,0,0,10
0,0,0,10
5,5,0,10
5,0,0,10
0,0,0,10
5,0,0,10
10,0,0,10
15,10,0,10
0,0,0,10
5,0,0,10
5,0,0,10
5,0,0,10
10,5,0,10
0,0,0,10
0,0,0,10
15,0,0,10
20,10,0,10
0,0,0,10
10,0,0,10
0,0,0,10
5,0,0,10
5,0,0,10
5,0,0,10
0,0,0,10
0,0,0,10
0,0,0,10
0,0,0,10
0,0,0,10
0,0,0,10
5,0,0,10
0,0,0,10
0,0,0,10
0,5,0,10
5,0,0,10
5,0,0,10
5,0,10,10
0,0,0,10
0,0,0,10
5,0,0,10
5,0,0,10
5,0,0,10
0,0,0,10
0,0,0,10
5,0,0,10
0,0,0,10
5,0,0,10
5,5,0,10
5,0,0,10
5,0,0,10
0,0,0,10
0,0,0,10
0,0,0,10
35,30,0,10
0,0,0,10
10,10,0,10
0,5,0,10
0,0,0,10
10,0,0,10
5,0,0,10
5,0,0,10
0,0,0,10
5,5,0,10
0,0,0,10
0,0,0,10
20,15,0,10
0,0,0,10
10,5,0,10
0,0,0,10
5,0,0,10
0,0,0,10
0,5,0,10
5,0,0,10
5,0,0,10
10,0,0,10
5,5,0,10
5,0,0,10
5,0,0,10
0,0,0,10
10,0,0,10
5,5,0,10
10,0,0,10
0,0,0,10
0,5,0,10
5,0,0,10
10,0,0,10
0,0,0,10
0,0,0,10
5,0,0,10
15,0,0,10
15,5,0,10
0,0,0,10
10,0,0,10
5,0,0,10
15,0,0,10
5,0,0,10
30,10,0,10
10,0,0,10
0,0,0,10
0,0,0,10
0,0,0,10
5,0,0,10
15,5,0,10
0,0,0,10
0,0,0,10
0,0,0,10
0,0,0,10
15,5,0,10
10,5,0,10
0,0,0,10
15,5,0,10
5,0,0,10
5,0,0,10
15,0,0,10
5,0,0,10
5,0,0,10
5,0,0,10
25,25,0,10
0,0,0,10
0,0,0,10
0,0,0,10
0,0,0,10
5,5,0,10
10,0,0,10
10,0,0,10
5,0,0,10
5,0,0,10
10,5,0,10
5,0,0,10
10,5,0,10
10,5,0,10
0,0,0,10
0,0,0,10
10,5,0,10
15,5,0,10
15,5,0,10
10,0,0,10
0,0,0,10
5,5,0,10
0,0,0,10
0,0,0,10
0,0,0,10
10,5,0,10
0,0,0,10
0,0,0,10
0,0,0,10
25,5,0,10
5,0,0,10
5,0,0,10
5,0,0,10
20,0,0,10
20,15,0,10
0,0,0,10
5,0,0,10
0,0,0,10
0,0,0,10
0,0,0,10
25,5,0,10
0,0,0,10
0,0,0,10
0,0,0,10
10,0,0,10
0,0,0,10
0,0,0,10
0,0,0,10
25,5,0,10
10,0,0,10
5,0,0,10
5,0,0,10
20,5,0,10
0,0,0,10
5,0,0,10
10,5,0,10
0,0,0,10
15,5,0,10
15,5,0,10
10,0,0,10
5,0,0,10
5,0,0,10
30,0,0,10
5,5,0,10
10,5,0,10
5,0,0,10
10,0,0,10
5,5,0,10
15,10,0,10
5,0,0,10
25,5,0,10
10,5,0,10
5,0,0,10
10,0,0,10
5,0,0,10
5,5,0,10
0,0,0,10
0,0,0,10
0,0,0,10
10,0,0,10
10,5,0,10
20,0,0,10
0,0,0,10
0,0,0,10
10,0,0,10
5,0,0,10
5,0,0,10
15,0,0,10
5,0,0,10
10,0,0,10
5,0,0,10
20,0,0,10
0,0,0,10
0,0,0,10
10,0,0,10
10,5,0,10
5,0,0,10
5,0,0,10
25,0,0,10
10,0,0,10
0,0,0,10
0,0,0,10
0,0,0,10
5,0,0,10
0,0,0,10
0,0,0,10
0,0,0,10
10,0,0,10
10,0,0,10
5,5,0,10
0,5,0,10
25,15,0,10
15,5,0,10
5,0,0,10
5,0,0,10
15,0,0,10
10,0,0,10
20,5,0,15
5,5,0,15
30,15,0,15
15,0,0,15
5,0,0,15
5,0,0,15
5,0,0,15
25,10,0,15
15,5,0,15
5,0,0,15
20,15,0,15
5,0,0,15
5,5,0,15
30,5,0,15
10,0,0,15
15,0,0,15
5,0,0,15
5,0,0,15
5,0,0,15
0,0,0,15
10,0,0,15
0,0,0,15
10,0,0,15
5,0,0,15
0,0,0,15
5,5,0,15
25,0,0,15
10,10,0,15
15,5,0,15
5,0,0,15
25,10,0,15
10,0,0,15
5,0,0,15
5,0,0,15
10,0,0,15
5,0,0,15
15,10,0,15
15,0,0,15
5,5,0,15
5,0,0,15
5,0,0,15
0,5,0,15
10,5,0,15
10,5,0,15
5,5,0,15
5,0,0,15
5,0,0,15
10,0,0,15
10,5,0,15
5,0,0,15
5,0,0,15
0,0,0,15
10,0,0,15
25,15,0,15
5,0,0,15
0,0,0,15
20,0,0,15
30,0,0,15
5,5,0,15
10,0,0,15
5,0,0,15
5,0,0,15
5,0,0,15
10,0,0,15
15,0,0,15
5,0,0,15
10,0,0,15
0,0,0,15
0,0,0,15
5,0,0,15
5,0,0,15
5,0,0,15
5,0,0,15
5,0,0,15
15,0,0,15
30,10,0,15
0,0,0,15
10,5,0,15
5,5,0,15
10,5,0,15
5,0,0,15
5,0,0,15
10,0,0,15
15,5,0,15
30,10,0,15
5,0,0,15
5,5,0,15
15,0,0,15
0,0,0,15
5,0,0,15
5,5,0,15
10,10,0,15
20,15,0,15
5,0,0,15
10,0,0,15
10,0,0,15
5,0,0,15
25,10,0,15
5,0,0,15
35,15,0,15
5,0,0,15
20,0,0,15
15,5,0,15
5,0,0,15
15,5,0,15
10,10,0,15
5,0,0,15
0,5,0,15
15,0,0,15
15,5,0,15
0,0,0,15
5,0,0,15
5,5,0,15
5,0,0,15
0,0,0,15
5,5,0,15
10,5,0,15
5,0,0,15
5,0,0,15
10,0,0,15
10,0,0,15
0,0,0,15
5,0,10,15
10,0,0,15
5,0,0,15
10,0,0,15
15,5,0,15
0,0,0,15
20,10,0,15
5,0,0,15
30,30,0,15
0,0,0,15
5,0,0,15
15,5,0,15
0,0,0,15
10,0,0,15
0,0,0,15
50,20,0,15
5,0,0,15
5,0,0,15
10,5,0,15
10,5,0,15
0,0,0,15
5,0,0,15
10,0,0,15
5,0,0,15
0,0,0,15
0,0,0,15
10,5,0,15
15,10,0,15
15,10,0,15
5,0,0,15
15,5,0,15
10,5,0,15
15,0,0,15
5,0,0,15
5,0,0,15
20,5,0,15
10,0,0,15
10,5,0,15
10,0,0,15
5,0,0,15
5,0,0,15
15,5,0,15
10,0,0,15
20,0,0,15
5,5,0,15
15,0,0,15
25,10,0,15
5,5,10,15
0,0,0,15
10,0,0,15
10,0,0,15
5,0,0,15
5,0,0,15
15,0,0,15
15,5,0,15
5,0,0,15
20,15,0,15
5,5,0,15
40,15,0,15
15,5,0,15
20,0,0,15
10,0,0,15
5,0,0,15
5,0,0,15
5,0,0,15
5,0,0,15
5,0,0,15
5,0,0,15
10,10,0,15
5,10,0,15
10,0,0,15
40,30,0,15
15,5,0,15
10,5,0,15
25,0,0,15
5,0,0,15
0,5,0,15
0,0,0,15
15,0,0,15
10,0,0,15
5,0,10,15
20,5,0,15
20,0,0,15
0,0,0,15
10,0,0,15
10,0,0,15
0,5,0,20
10,0,0,20
5,0,0,20
5,0,0,20
5,0,0,20
20,0,0,20
0,0,0,20
30,10,0,20
0,0,0,20
5,0,0,20
5,5,0,20
10,0,0,20
5,5,0,20
15,0,0,20
15,5,0,20
25,5,0,20
10,0,0,20
15,5,0,20
10,5,0,20
15,5,0,20
5,0,0,20
5,0,0,20
20,0,0,20
15,15,0,20
10,0,0,20
20,10,0,20
5,0,0,20
5,5,0,20
10,5,0,20
15,10,0,20
5,5,0,20
15,10,0,20
15,5,0,20
5,0,0,20
10,0,0,20
25,5,0,20
5,0,0,20
10,5,0,20
40,15,0,20
30,15,0,20
0,0,0,20
15,5,0,20
10,5,0,20
5,0,0,20
15,10,0,20
20,10,0,20
0,0,0,20
5,0,0,20
15,10,0,20
10,0,0,20
30,5,0,20
30,0,0,20
15,0,0,20
10,5,0,20
15,0,0,20
10,0,0,20
15,5,0,20
0,0,0,20
25,5,0,20
15,0,0,20
10,5,0,20
20,5,0,20
40,10,0,20
20,5,0,20
25,5,0,20
30,5,0,20
25,10,0,20
15,5,0,20
0,0,0,20
5,0,0,20
25,10,0,20
25,5,0,20
20,0,0,20
10,0,0,20
25,5,0,20
15,0,0,20
15,0,0,20
10,0,0,20
5,5,0,20
5,0,0,20
0,0,0,20
5,0,0,20
0,0,0,20
10,0,0,20
5,5,0,20
15,5,0,20
5,0,0,20
5,0,0,20
5,0,0,20
15,5,0,20
0,5,0,20
10,0,0,20
20,5,0,20
15,5,0,20
15,0,0,20
10,5,0,20
5,0,0,20
0,0,0,20
25,5,0,20
15,0,0,20
15,5,0,20
15,0,0,20
30,10,0,20
5,0,0,20
25,10,0,20
10,5,0,20
5,5,0,20
10,5,0,20
0,0,0,20
15,5,0,20
0,0,0,20
20,0,0,20
5,0,0,20
10,0,0,20
5,5,0,20
5,0,0,20
10,10,0,20
30,5,0,20
15,15,0,20
0,0,0,20
0,0,0,20
5,0,0,20
10,15,0,20
10,0,0,20
15,5,0,20
15,5,0,20
5,5,10,20
15,5,0,20
5,0,0,20
5,5,0,20
10,0,0,20
5,10,0,20
5,0,0,20
0,0,0,20
45,20,0,20
15,5,0,20
5,5,0,20
10,0,0,20
5,0,0,20
5,0,0,20
15,0,0,20
10,0,0,20
10,0,0,20
15,0,0,20
10,5,0,20
25,5,0,20
20,0,0,20
20,0,0,20
25,0,0,20
0,0,0,20
15,0,0,20
10,0,0,20
15,0,0,20
5,5,0,20
10,0,0,20
15,5,0,20
15,5,0,20
15,5,0,20
30,15,0,20
15,5,0,20
10,5,0,20
15,10,0,20
20,10,0,20
5,0,0,20
15,5,0,20
5,5,0,20
10,5,0,20
15,5,0,20
10,5,0,20
5,5,0,20
15,0,0,20
15,0,0,20
5,0,0,20
10,10,0,20
10,0,0,20
10,0,0,20
5,0,0,20
10,0,0,20
5,5,0,20
80,50,0,25
10,0,0,25
10,0,0,25
10,5,0,25
0,0,0,25
15,5,0,25
20,10,10,25
15,0,0,25
15,5,0,25
15,0,0,25
35,5,0,25
65,30,0,25
15,5,0,25
5,0,0,25
10,5,0,25
25,10,0,25
25,5,0,25
10,0,0,25
10,5,0,25
5,5,0,25
20,10,0,25
25,0,0,25
10,0,0,25
10,0,0,25
5,5,0,25
10,5,0,25
35,10,0,25
10,5,0,25
15,5,0,25
5,0,0,25
10,0,0,25
30,0,0,25
20,10,0,25
10,0,0,25
10,5,0,25
10,0,0,25
25,5,0,25
20,0,0,25
15,5,0,25
20,5,0,25
35,10,0,25
10,5,0,25
10,5,0,25
5,0,0,25
10,5,0,25
10,5,0,25
20,15,0,25
20,15,0,25
10,0,0,25
5,0,0,25
20,5,0,25
15,5,0,25
15,5,0,25
10,5,0,25
20,10,0,25
10,5,0,25
10,0,0,25
10,0,0,25
5,0,0,25
25,10,0,25
20,5,0,25
10,0,0,25
0,0,0,25
5,0,0,25
0,0,0,25
15,0,0,25
10,5,0,25
15,10,0,25
5,0,0,25
15,0,0,25
20,10,0,25
25,20,0,25
15,10,0,25
5,0,0,25
10,0,0,25
25,5,10,25
25,5,0,25
35,5,0,25
5,0,0,25
45,10,0,25
20,5,0,25
20,0,0,25
10,0,0,25
5,0,0,25
15,0,0,25
5,0,0,25
70,15,0,25
15,5,0,25
15,0,0,25
5,0,0,25
10,5,0,25
10,0,0,25
10,5,0,25
5,0,0,25
5,0,0,25
10,0,0,25
0,5,0,25
25,5,0,25
10,0,0,25
5,0,0,25
20,5,0,25
15,5,0,25
10,5,0,25
15,5,0,25
5,0,0,25
10,5,0,25
20,0,0,25
20,0,0,25
30,20,0,25
30,5,0,25
25,5,0,25
10,0,0,25
15,0,0,25
15,15,0,25
30,25,0,25
10,0,0,25
40,30,0,25
10,0,0,25
25,5,0,25
30,0,0,25
15,0,0,25
10,5,0,25
30,5,0,25
15,0,0,25
20,0,0,25
15,0,0,25
5,5,0,25
20,0,0,25
30,5,0,25
5,5,0,25
20,15,0,25
15,5,0,25
5,0,0,25
30,15,0,25
15,0,0,25
25,0,0,25
10,0,0,25
0,0,0,25
0,0,0,30
0,0,0,30
25,15,0,30
10,5,0,30
5,0,0,30
15,5,0,30
30,10,0,30
65,35,0,30
25,5,0,30
15,10,0,30
20,10,0,30
20,5,0,30
10,0,0,30
35,5,0,30
15,10,0,30
35,30,0,30
30,20,0,30
5,5,0,30
10,0,0,30
5,0,0,30
20,5,0,30
10,5,0,30
10,0,0,30
5,0,0,30
5,5,0,30
10,5,0,30
45,10,0,30
10,0,0,30
10,5,0,30
45,25,0,30
25,10,0,30
20,0,0,30
35,0,0,30
35,5,0,30
30,5,0,30
25,0,0,30
15,0,0,30
20,5,0,30
10,0,0,30
5,5,0,30
5,5,0,30
5,0,0,30
30,10,0,30
10,10,0,30
45,5,0,30
10,10,0,30
40,5,0,30
35,15,0,30
5,0,0,30
5,0,0,30
20,10,0,30
30,20,0,30
25,15,0,30
20,5,0,30
10,5,0,30
20,15,0,30
20,5,0,30
20,5,0,30
20,5,0,30
10,5,0,30
15,5,0,30
35,15,0,30
25,5,0,30
5,5,0,30
40,15,0,30
15,5,0,30
40,25,0,30
10,0,0,30
40,15,0,30
0,0,0,30
5,0,0,30
0,0,0,30
5,5,0,30
20,10,0,30
15,0,0,30
5,0,0,30
10,5,0,30
10,5,0,30
10,0,0,30
95,25,0,30
5,0,0,30
25,0,0,30
30,5,0,30
30,5,0,30
5,5,0,30
30,5,0,30
25,0,0,30
10,5,0,30
10,5,0,30
40,5,0,30
20,10,0,30
25,5,0,30
25,5,0,30
15,5,0,30
10,5,0,30
70,45,0,30
10,0,0,30
15,0,0,30
15,0,0,30
0,0,0,30
5,5,0,30
70,15,0,35
35,5,0,35
20,0,0,35
10,0,0,35
20,5,0,35
15,10,0,35
20,0,0,35
5,0,0,35
10,5,0,35
25,15,0,35
20,10,0,35
35,15,0,35
15,10,0,35
45,25,0,35
10,0,0,35
45,20,0,35
20,10,0,35
15,0,0,35
25,10,0,35
35,5,0,35
25,5,0,35
20,5,0,35
10,5,0,35
30,5,0,35
5,5,0,35
35,5,0,35
45,10,0,35
45,5,0,35
60,20,0,35
25,0,0,35
20,10,10,35
20,0,0,35
5,0,0,35
5,5,0,35
15,5,0,35
10,0,0,35
10,0,0,35
50,15,0,35
35,15,0,35
30,0,0,35
30,5,0,35
25,0,0,35
10,5,0,35
0,5,0,35
15,0,0,35
20,0,0,35
20,5,0,35
10,5,0,35
30,15,0,35
15,0,0,35
5,0,0,35
55,20,0,35
35,15,0,35
15,0,0,35
20,0,0,35
5,0,0,35
55,45,0,35
10,0,0,35
25,15,0,35
10,0,0,35
35,5,0,35
20,5,0,35
15,5,0,35
5,5,0,35
15,10,0,35
45,30,0,35
25,15,0,35
30,0,0,35
0,0,0,35
15,0,0,35
20,5,0,35
5,5,0,35
40,15,0,35
20,5,0,35
30,20,0,35
25,10,0,35
40,10,0,35
10,5,0,35
35,15,0,35
25,0,0,40
20,0,0,40
5,5,0,40
55,40,0,40
20,0,0,40
25,10,0,40
10,5,0,40
65,35,0,40
20,0,0,40
20,10,0,40
35,10,0,40
25,15,0,40
15,0,0,40
5,0,0,40
10,0,0,40
20,0,0,40
10,0,0,40
5,0,0,40
60,35,0,40
30,20,0,40
20,5,0,40
40,5,0,40
10,0,0,40
110,35,0,40
60,40,0,40
20,0,0,40
25,5,0,40
45,5,0,40
5,5,0,40
15,5,0,40
35,0,0,40
5,5,0,40
20,0,0,40
20,10,0,40
55,25,0,40
5,0,0,40
15,5,0,40
30,5,0,40
15,15,0,40
15,0,0,40
20,0,0,40
15,0,0,40
5,5,0,40
10,0,0,40
15,5,0,40
30,15,0,40
30,10,0,40
45,15,0,40
70,25,0,40
15,5,0,40
50,25,0,40
5,5,0,40
30,15,0,40
15,5,0,40
50,0,0,40
25,10,0,40
35,5,0,40
30,5,0,40
20,0,0,40
20,20,0,40
25,15,0,40
10,5,0,40
10,0,0,40
25,0,0,40
25,25,0,40
20,5,0,40
5,0,0,40
50,25,0,40
25,5,0,40
0,5,0,40
70,25,0,40
50,35,0,40
20,10,0,40
10,0,0,40
15,30,0,40
10,5,0,40
40,5,0,40
40,20,0,40
40,10,0,40
35,0,0,40
10,5,0,40
15,0,0,40
15,0,0,40
15,10,0,40
30,10,0,40
40,40,0,40
20,10,10,40
15,5,0,40
20,5,0,40
15,10,10,40
15,5,0,40
40,0,0,40
45,0,0,40
5,0,0,40
20,5,0,40
10,5,0,40
20,15,0,45
50,10,0,45
15,5,0,45
25,0,0,45
35,25,0,45
30,10,0,45
25,10,0,45
45,20,0,45
30,5,0,45
35,5,0,45
35,5,0,45
35,25,0,45
25,10,0,45
35,10,0,45
35,15,0,45
25,0,0,45
30,0,0,45
20,10,0,45
45,5,0,45
45,0,0,45
60,35,0,45
80,40,0,45
25,5,0,45
20,0,0,45
20,0,0,45
30,0,0,45
40,5,10,45
60,25,0,45
45,10,0,45
20,5,0,45
35,20,10,45
20,5,0,45
35,15,0,45
30,20,0,45
20,5,0,45
55,15,0,45
35,10,0,45
30,15,0,45
40,10,10,45
15,0,0,45
5,0,0,45
10,0,0,45
10,5,0,45
20,5,0,45
5,0,0,45
45,5,0,45
40,5,0,45
20,5,0,45
15,10,0,45
25,5,0,45
55,0,0,45
5,0,0,45
35,5,0,45
10,0,0,45
25,5,0,45
50,15,0,45
15,5,0,45
35,20,0,45
40,0,0,45
10,0,0,45
20,10,0,45
30,10,0,45
30,15,0,45
35,10,0,45
50,10,0,45
20,5,0,45
10,5,0,45
40,25,0,45
30,5,0,45
45,20,0,45
25,10,0,45
10,15,0,45
20,5,0,45
40,10,0,45
35,25,0,45
20,0,0,45
25,0,0,45
25,0,0,45
30,10,0,45
30,15,0,45
40,20,0,45
20,20,0,45
10,0,0,45
5,5,0,45
45,30,0,45
25,0,0,45
50,15,0,45
40,0,0,45
25,0,0,45
45,25,0,45
25,30,0,45
15,0,0,45
20,10,0,50
15,0,0,50
25,5,0,50
25,10,0,50
25,15,25,50
25,5,0,50
55,20,0,50
5,0,0,50
5,0,0,50
30,0,0,50
35,0,0,50
35,0,0,50
30,0,0,50
30,5,0,50
30,10,0,50
15,5,0,50
55,10,0,50
35,5,0,50
35,0,0,50
60,35,0,50
15,0,0,50
35,5,0,50
50,10,0,50
40,10,0,50
65,25,0,50
20,10,0,50
30,15,0,50
30,15,0,50
20,5,0,50
55,25,0,50
45,20,0,50
35,15,0,50
10,0,0,50
55,10,0,50
45,40,0,50
40,10,0,50
30,5,0,50
30,15,0,50
20,5,0,50
5,0,0,50
30,0,0,50
35,20,0,50
20,5,0,50
5,10,0,50
70,30,0,50
20,0,0,50
45,30,0,50
20,10,0,50
35,15,0,50
10,0,0,50
20,10,0,50
20,5,0,50
25,15,0,50
30,20,0,50
20,10,0,50
40,15,0,50
15,5,0,50
40,20,0,50
25,15,0,50
10,20,0,50
20,5,0,50
35,25,0,50
45,5,0,50
30,10,0,50
95,60,0,50
90,70,0,50
45,25,0,50
25,10,0,50
40,15,0,50
15,0,0,50
15,5,0,50
30,20,0,50
25,0,0,50
15,10,0,50
35,15,0,50
20,0,0,50
15,0,0,55
65,30,0,55
60,10,0,55
5,0,0,55
20,15,0,55
30,15,0,55
55,30,0,55
35,5,0,55
30,5,0,55
55,25,0,55
35,5,0,55
10,15,0,55
5,0,0,55
35,30,0,55
15,5,0,55
45,0,0,55
40,20,0,55
45,5,0,55
45,15,0,55
55,10,0,55
5,5,0,55
20,0,0,55
15,0,0,55
30,30,0,55
20,0,0,55
20,10,0,55
10,5,0,55
45,25,0,55
20,10,0,55
45,15,0,55
45,5,0,55
30,10,0,55
15,5,0,55
10,0,0,55
30,10,0,55
20,10,0,55
65,10,0,55
40,10,0,55
25,5,0,55
40,15,0,55
25,5,0,55
40,20,0,55
20,5,0,55
30,5,0,55
35,25,0,55
35,0,0,55
25,5,0,55
30,15,0,55
60,15,0,55
55,35,0,55
5,0,0,55
40,10,0,55
5,5,0,55
50,15,0,55
85,25,0,55
15,0,0,55
30,10,0,55
75,15,0,55
45,10,0,55
30,10,0,55
30,20,0,55
25,15,0,55
20,10,0,55
35,20,0,55
25,5,0,55
30,5,0,55
35,0,0,55
25,5,0,60
15,20,0,60
55,20,10,60
30,15,0,60
45,10,0,60
35,15,0,60
60,40,0,60
20,5,0,60
50,15,0,60
30,15,0,60
5,0,0,60
45,15,0,60
25,10,0,60
60,0,0,60
35,5,0,60
20,0,0,60
30,5,0,60
70,55,0,60
0,5,15,60
10,5,0,60
35,5,0,60
35,15,0,60
20,0,0,60
30,15,0,60
25,5,0,60
20,5,0,60
35,5,10,60
35,20,0,60
25,20,0,60
20,0,0,60
75,55,0,60
15,0,0,60
15,0,0,60
35,15,0,60
30,15,0,60
60,30,0,60
45,10,0,60
10,0,0,60
35,25,0,60
35,0,0,60
25,5,0,60
10,5,0,60
90,15,0,60
30,10,0,60
70,30,0,60
85,50,0,60
55,25,0,60
20,0,0,60
10,0,0,60
10,5,0,60
25,5,0,60
35,15,0,60
25,0,0,60
40,5,0,60
25,10,0,60
55,30,0,60
35,15,0,60
65,15,0,60
25,0,0,60
20,0,0,60
45,0,0,60
25,15,0,60
40,15,0,60
30,10,0,60
10,0,0,60
45,0,0,60
10,5,0,60
55,30,0,65
20,10,0,65
30,20,0,65
20,5,0,65
45,10,0,65
75,40,0,65
35,5,0,65
45,10,0,65
60,20,0,65
50,45,0,65
25,5,0,65
90,40,25,65
15,0,0,65
30,5,0,65
10,5,0,65
15,0,0,65
25,5,0,65
25,10,0,65
45,15,0,65
65,0,0,65
55,5,0,65
40,5,0,65
45,0,0,65
90,50,0,65
45,20,0,65
45,15,0,65
35,10,0,65
50,40,10,65
40,25,0,65
85,50,0,65
40,5,0,65
25,10,0,65
45,15,0,65
50,25,0,65
45,5,0,65
25,5,0,65
40,10,0,65
55,10,0,65
30,0,0,65
20,5,0,65
40,15,0,65
10,0,0,65
10,0,0,65
25,0,0,65
95,60,0,65
40,25,0,65
70,15,0,65
25,5,0,65
60,25,0,65
40,0,0,65
25,0,0,65
50,20,0,65
20,25,0,65
30,15,0,65
20,20,0,65
50,15,0,65
40,10,10,65
45,10,0,65
55,10,0,65
20,25,0,65
45,20,0,65
75,40,0,65
25,0,0,65
40,10,0,65
30,5,0,65
30,5,0,65
50,25,0,65
55,0,0,65
35,25,0,70
15,5,0,70
20,0,0,70
70,20,10,70
45,20,0,70
15,0,0,70
35,10,0,70
5,0,0,70
45,15,0,70
55,10,0,70
35,15,0,70
40,5,0,70
85,5,0,70
30,15,0,70
25,15,0,70
30,0,0,70
65,5,0,70
30,0,0,70
0,0,0,70
90,15,0,70
35,25,0,70
25,0,0,70
60,5,0,70
20,10,0,70
70,15,0,70
30,20,0,70
20,0,0,70
10,0,0,70
25,5,0,70
65,20,0,70
40,10,0,70
15,10,0,70
65,35,0,70
85,10,0,70
50,10,0,70
10,0,0,70
20,5,0,70
20,0,10,70
55,0,0,70
35,0,0,70
65,20,0,70
30,10,0,70
40,15,10,70
25,0,0,70
55,0,0,70
65,30,0,70
50,25,0,70
50,5,0,70
85,40,0,70
40,10,0,70
20,5,0,70
75,25,0,70
15,15,0,70
15,30,0,70
75,25,0,70
45,20,0,70
60,20,0,70
60,40,0,70
35,0,0,70
35,15,0,70
45,10,0,70
65,0,0,70
45,20,0,70
30,10,0,75
65,15,0,75
30,15,0,75
70,10,0,75
15,5,0,75
110,15,0,75
25,10,0,75
30,15,0,75
60,20,0,75
85,65,0,75
25,15,0,75
25,10,0,75
55,25,10,75
20,5,0,75
40,10,0,75
45,5,0,75
50,10,0,75
60,15,0,75
50,5,0,75
40,5,0,75
10,5,0,75
30,5,0,75
55,15,0,75
10,5,0,75
45,15,0,75
30,10,0,75
105,30,0,75
30,10,0,75
65,35,0,75
35,10,0,75
75,25,0,75
40,10,0,75
40,35,0,75
30,10,0,75
45,10,0,75
45,35,0,75
15,0,0,75
50,20,0,75
50,30,15,75
30,0,0,75
50,0,0,75
40,10,0,75
50,30,0,75
10,25,0,75
35,5,0,75
65,15,0,75
10,0,0,75
40,15,0,75
25,5,0,75
60,5,0,75
40,20,0,80
25,15,0,80
45,35,0,80
80,45,0,80
85,65,0,80
80,20,0,80
30,20,0,80
25,5,0,80
35,20,0,80
70,15,0,80
25,10,0,80
60,35,0,80
25,10,0,80
85,50,0,80
70,5,0,80
50,20,10,80
25,5,0,80
75,10,0,80
35,0,0,80
75,5,0,80
25,0,0,80
25,5,0,80
30,5,0,80
85,15,0,80
45,10,0,80
40,5,0,80
40,10,0,80
45,5,0,80
50,25,0,80
75,35,0,80
30,5,0,85
65,15,0,85
30,20,0,85
75,25,0,85
40,0,0,85
10,5,0,85
55,40,0,85
45,25,0,85
20,5,0,85
70,30,0,85
45,20,0,85
30,5,0,85
40,10,0,85
65,30,0,85
75,5,0,85
50,5,0,85
45,10,0,85
65,10,0,85
25,15,10,85
75,45,0,85
90,60,0,85
90,35,0,85
30,10,0,85
30,10,0,85
75,50,0,85
70,20,0,85
75,50,0,85
40,5,0,85
120,55,0,85
50,10,0,85
45,10,0,85
40,5,0,85
60,30,15,85
85,50,0,85
70,10,0,85
55,10,0,85
80,30,0,85
35,10,0,85
65,30,0,85
35,20,0,85
60,10,0,85
35,5,0,85
55,20,0,85
60,40,0,85
45,30,0,85
70,45,0,85
85,5,0,85
80,15,0,85
25,5,0,85
25,30,0,90
85,55,0,90
40,0,0,90
80,35,0,90
50,25,0,90
70,40,0,90
15,10,0,90
10,0,0,90
80,40,0,90
20,0,0,90
25,10,0,90
45,25,0,90
55,5,10,90
40,15,0,90
30,0,0,90
65,15,0,90
15,0,0,90
15,10,0,90
45,20,0,90
20,5,10,90
30,15,0,90
95,25,0,90
45,30,0,90
65,25,0,90
50,20,0,90
40,0,0,90
55,25,0,90
65,5,10,90
40,0,0,90
95,30,0,90
60,15,0,90
135,90,0,90
15,10,0,90
60,25,0,90
45,5,0,90
70,30,15,90
70,35,0,90
50,30,10,90
20,0,0,90
45,10,0,95
10,5,0,95
90,35,0,95
50,15,0,95
55,25,0,95
105,35,0,95
40,20,0,95
110,20,0,95
55,10,0,95
30,10,0,95
40,10,0,95
35,5,0,95
70,5,0,95
95,5,0,95
80,30,0,95
75,45,0,95
25,0,0,95
35,10,0,95
120,30,10,95
40,20,0,95
100,60,0,95
30,0,0,95
15,5,0,95
35,10,0,95
55,25,0,95
10,5,0,95
75,30,0,95
15,10,0,95
45,0,0,95
55,5,0,95
50,30,0,95
40,15,0,95
75,45,0,95
85,20,0,95
75,15,0,95
70,5,0,95
85,25,0,95
90,30,0,95
30,25,0,95
95,35,0,95
85,30,0,95
55,0,0,95
50,20,0,100
15,15,0,100
70,45,10,100
75,55,0,100
55,15,0,100
60,5,0,100
110,15,0,100
20,5,0,100
25,15,0,100
35,15,0,100
45,15,0,100
5,5,0,100
70,5,0,100
25,5,0,100
65,20,0,100
50,30,0,100
10,5,0,100
70,20,0,100
185,170,0,100
55,25,0,100
65,20,0,100
75,30,0,100
65,20,0,100
70,10,0,100
45,10,0,100
70,10,0,100
80,25,0,105
110,15,0,105
100,60,0,105
65,5,0,105
120,10,0,105
50,10,0,105
50,10,0,105
60,30,0,105
30,10,0,105
65,30,0,105
70,65,0,105
125,25,0,105
115,60,0,105
130,30,0,105
85,40,0,105
60,15,0,105
75,5,0,105
70,35,0,105
140,115,0,105
45,10,0,105
100,55,0,105
55,5,0,105
70,10,0,105
170,100,10,105
105,70,0,105
35,0,0,105
25,5,0,110
45,10,0,110
35,10,0,110
95,60,0,110
55,15,10,110
110,50,0,110
65,45,15,110
50,15,0,110
80,10,0,110
95,15,0,110
95,20,0,110
65,20,0,110
65,5,0,110
70,35,0,110
20,0,0,110
70,30,0,110
75,5,0,110
65,10,0,110
110,20,0,110
60,20,0,110
60,10,0,110
65,30,0,110
90,35,0,110
15,5,0,110
120,35,0,110
40,10,0,110
75,35,0,110
95,25,0,110
15,10,0,110
40,15,0,110
50,15,0,110
125,70,0,110
65,5,0,110
65,45,0,110
95,45,0,115
130,45,0,115
95,45,0,115
65,20,0,115
90,30,0,115
5,5,0,115
85,75,0,115
40,5,0,115
70,10,0,115
40,0,0,115
60,15,0,115
85,5,0,115
5,25,20,115
55,40,0,115
50,10,0,115
60,5,0,115
70,30,0,115
100,10,0,115
50,15,0,115
40,25,0,115
130,80,0,115
55,15,0,115
75,40,0,115
115,50,0,115
25,45,10,115
95,45,0,115
85,25,0,115
85,10,0,115
50,15,0,115
30,5,0,115
100,25,0,115
40,20,0,115
90,25,10,115
75,45,0,115
90,45,0,120
85,45,0,120
55,20,0,120
55,45,0,120
115,65,0,120
165,100,15,120
85,30,0,120
25,10,0,120
45,10,0,120
80,0,0,120
80,15,0,120
170,25,0,120
115,10,10,120
125,120,0,120
70,20,0,120
70,45,0,120
70,15,0,120
60,5,0,120
120,20,0,120
35,5,0,120
70,10,0,120
70,30,0,120
80,45,0,120
115,5,0,120
60,20,0,125
110,55,0,125
60,45,0,125
85,40,0,125
30,10,0,125
25,15,0,125
105,10,0,125
100,0,0,125
95,5,0,125
80,5,0,125
45,5,0,125
40,15,0,125
45,15,0,125
65,5,0,125
80,20,0,125
140,80,0,125
220,65,0,125
15,5,0,125
135,65,0,125
95,35,0,125
35,10,0,125
60,15,0,125
80,20,0,125
125,30,0,125
125,50,0,125
50,15,0,125
75,30,0,125
115,75,10,125
40,20,10,125
105,10,0,125
80,25,0,130
80,30,0,130
85,30,0,130
105,35,0,130
135,65,10,130
10,5,0,130
45,15,0,130
65,20,0,130
70,30,0,130
155,25,0,130
85,20,0,130
30,5,0,130
190,175,0,130
130,40,0,130
80,10,0,130
90,10,0,130
20,5,0,130
25,15,0,130
185,85,0,130
55,10,0,130
65,10,10,130
75,20,0,130
80,20,0,130
60,45,0,130
100,0,0,130
85,20,0,135
190,85,0,135
120,70,10,135
50,30,0,135
95,55,0,135
65,5,0,135
80,45,0,135
30,0,0,135
150,80,0,135
95,25,0,135
85,20,0,135
140,85,0,135
55,20,10,135
80,20,0,135
50,10,0,135
20,30,15,135
50,40,0,135
125,65,0,135
85,45,0,140
80,25,0,140
105,25,0,140
130,20,0,140
65,45,0,140
125,60,0,140
130,65,0,140
50,35,15,140
80,60,0,140
100,10,10,140
45,20,0,140
150,10,0,140
130,80,0,140
70,75,0,140
70,15,0,140
35,15,0,140
105,30,0,140
110,35,0,140
140,55,0,140
110,20,0,140
70,45,0,140
95,10,0,140
60,25,0,140
45,15,0,140
50,25,10,140
140,75,0,140
40,20,0,140
110,60,0,140
90,30,0,140
50,25,0,140
110,50,0,140
65,15,0,140
140,95,0,140
135,70,0,140
85,50,10,140
95,5,0,140
120,20,0,140
60,10,0,140
125,70,0,145
15,15,0,145
75,10,0,145
145,70,0,145
125,95,0,145
55,25,0,145
150,15,0,145
135,20,0,145
25,20,0,145
180,45,0,145
200,140,0,145
90,40,0,145
95,40,0,145
100,40,0,145
85,45,0,145
100,50,0,145
125,90,0,145
15,10,10,145
30,35,10,145
200,95,15,145
60,35,0,145
110,70,10,145
100,80,10,145
100,60,0,145
80,10,0,150
125,50,0,150
70,15,0,150
235,140,0,150
115,50,0,150
130,20,0,150
40,5,0,150
55,35,0,150
100,25,0,150
35,25,0,150
90,35,0,150
85,25,0,150
40,15,0,150
50,45,10,150
70,20,0,150
65,20,0,155
70,10,0,155
95,85,0,155
105,45,0,155
110,15,0,155
140,40,0,155
95,10,0,155
140,55,0,155
85,20,0,155
80,30,0,155
75,40,0,155
130,55,0,155
120,25,0,155
65,15,0,155
155,85,0,155
90,45,0,155
55,15,0,155
95,40,0,155
130,55,0,155
40,20,0,155
170,40,0,155
125,70,10,155
175,95,0,155
50,5,0,155
80,55,50,155
140,20,10,155
30,10,0,155
150,75,0,155
130,55,0,155
145,65,0,155
70,25,0,155
105,65,0,155
55,5,0,155
10,10,10,160
100,35,0,160
125,95,10,160
130,55,10,160
55,30,0,160
130,85,10,160
80,35,0,160
105,55,10,160
80,10,0,160
125,25,0,160
125,40,0,160
90,5,0,160
110,70,0,160
55,15,0,160
85,40,0,160
130,55,0,160
35,20,0,160
180,90,0,160
15,10,10,160
135,75,0,160
120,25,0,160
75,25,20,160
75,30,0,160
125,90,0,160
205,45,0,165
150,60,0,165
140,140,0,165
15,5,0,165
135,30,0,165
55,10,0,165
140,20,0,165
100,30,0,165
220,185,10,165
150,35,0,165
85,45,10,165
80,5,0,165
135,100,0,165
90,20,0,165
130,65,10,165
85,40,0,165
120,40,0,165
15,30,0,165
130,85,0,165
45,15,0,170
75,15,0,170
125,65,10,170
100,50,0,170
145,10,0,170
70,10,0,170
150,30,0,170
105,70,10,170
35,0,0,170
45,20,0,170
135,85,0,170
170,35,0,170
100,35,0,170
140,35,0,170
60,10,0,170
110,25,0,170
150,65,0,170
115,70,0,170
70,40,0,170
150,30,0,170
100,40,0,170
70,10,0,170
95,50,0,170
115,30,0,175
180,65,0,175
175,25,0,175
100,10,0,175
155,115,0,175
130,25,0,175
130,70,0,175
70,15,0,175
140,30,0,175
115,70,0,175
55,5,0,175
45,10,0,175
45,85,0,175
20,25,10,175
150,25,0,175
55,45,0,175
60,5,0,175
160,65,0,175
155,75,0,175
100,50,0,175
80,10,0,175
60,20,0,180
30,20,10,180
85,50,10,180
130,15,10,180
110,40,10,180
115,85,0,180
60,0,0,180
115,65,0,180
125,25,0,180
130,95,0,180
160,105,0,180
115,40,10,180
25,45,10,180
140,65,0,180
160,10,0,180
80,35,0,180
105,30,0,180
135,40,0,180
100,60,10,180
185,120,10,180
55,15,0,180
95,25,0,185
165,75,0,185
75,45,0,185
35,5,0,185
145,15,10,185
170,80,0,185
130,5,0,185
185,25,0,185
60,15,0,185
40,5,0,185
130,40,0,185
115,50,0,185
185,135,0,185
85,35,0,185
125,35,0,185
235,90,0,185
55,25,0,185
90,55,0,185
95,35,0,185
75,20,10,185
95,65,0,185
100,55,10,190
20,5,0,190
165,10,0,190
85,25,0,190
60,20,0,190
90,35,0,190
250,60,0,190
215,135,0,190
120,55,0,190
20,40,10,190
40,60,15,190
145,85,0,190
120,65,0,190
125,95,0,190
80,25,0,195
255,115,10,195
150,115,0,195
195,105,0,195
185,10,0,195
135,5,0,195
65,15,0,195
170,95,0,195
140,30,0,195
140,45,15,195
220,70,0,195
140,45,0,195
120,15,0,195
170,75,0,195
200,60,10,195
255,135,0,195
115,75,0,195
25,15,0,195
90,10,0,195
120,25,0,195
15,20,0,195
190,45,0,195
100,5,0,195
100,5,0,195
140,45,0,195
125,45,10,195
95,40,0,195
150,50,0,195
25,20,10,200
20,20,20,200
20,25,15,200
15,15,10,200
170,75,0,200
55,15,0,200
160,70,10,200
95,90,0,200
75,20,0,200
110,25,0,200
160,30,0,200
110,30,10,200
120,50,0,200
155,105,0,200
175,115,0,200
170,55,0,200
140,45,0,200
235,15,0,200
95,20,0,200
120,45,0,205
80,20,0,205
60,10,0,205
165,10,0,205
155,100,10,205
35,15,0,205
155,15,0,205
95,45,0,205
100,25,0,205
90,35,0,205
110,95,10,205
230,195,10,205
125,20,0,205
145,60,0,205
100,75,0,205
75,10,10,205
125,105,10,205
130,45,0,210
35,20,15,210
160,25,0,210
65,0,0,210
105,45,0,210
215,150,10,210
95,5,0,210
125,30,0,210
185,60,0,210
140,85,0,210
75,15,10,210
145,65,0,210
135,60,0,210
20,5,15,210
80,30,0,215
95,45,0,215
65,15,0,215
145,85,10,215
175,55,0,215
170,30,0,215
145,10,0,215
255,30,0,215
155,50,0,215
75,15,10,215
60,10,0,215
75,15,0,215
225,50,0,215
55,15,0,215
85,25,0,220
170,95,0,220
145,20,0,220
185,25,0,220
0,40,10,220
165,55,0,220
140,40,0,220
80,45,0,220
105,30,0,220
150,100,10,220
100,65,0,220
140,50,0,220
130,30,0,220
160,90,0,220
280,190,0,220
140,95,0,220
125,70,0,220
90,20,0,220
70,20,0,225
140,30,0,225
135,30,0,225
130,60,10,225
100,45,10,225
55,25,0,225
180,90,10,225
105,30,0,225
210,50,0,225
300,185,0,225
210,90,0,225
30,60,15,225
30,45,0,225
195,40,0,225
20,5,0,225
155,85,0,225
170,40,0,225
80,50,0,225
195,15,0,225
130,90,10,225
105,35,0,230
145,90,10,230
175,85,10,230
185,55,0,230
80,30,0,230
170,65,0,230
175,110,0,230
150,65,0,230
105,65,0,230
165,110,0,230
125,65,0,230
190,135,0,230
80,10,0,230
70,30,0,235
150,50,0,235
130,65,0,235
100,10,0,235
155,35,0,235
170,55,0,235
185,140,0,235
115,5,0,235
190,65,0,235
20,40,10,235
195,65,0,235
165,95,15,235
150,15,0,235
130,70,0,240
245,210,0,240
145,100,0,240
80,50,0,240
105,25,0,240
165,110,0,240
115,50,0,240
270,175,20,240
150,65,10,240
55,35,0,240
220,95,0,240
75,20,0,240
55,100,0,240
110,25,0,240
75,20,0,245
205,95,0,245
165,90,0,245
125,60,0,245
170,10,0,245
160,20,0,245
45,10,0,245
80,15,0,245
180,80,0,245
30,40,15,245
165,105,15,245
175,30,0,245
75,55,0,245
65,10,0,245
120,50,0,250
195,120,0,250
250,65,10,250
265,215,0,250
200,135,0,250
145,55,0,250
175,70,0,250
210,150,0,250
210,105,0,250
210,120,0,255
140,60,0,255
140,25,0,255
195,155,0,255
90,40,20,255
185,65,0,255
55,15,0,255
165,80,0,255
30,40,15,260
105,50,10,260
160,20,0,260
220,70,0,260
115,50,0,260
130,75,0,260
50,75,15,260
175,65,0,260
190,45,0,260
280,25,10,260
155,20,0,260
235,120,0,260
195,105,0,265
195,80,10,265
105,20,0,265
155,50,0,265
95,45,0,265
190,85,0,265
125,40,0,265
230,90,0,265
150,40,0,265
245,50,0,265
215,75,0,270
205,150,0,270
160,80,0,270
155,70,0,270
245,155,0,270
40,70,0,270
215,110,10,270
210,160,15,270
140,45,0,270
140,70,0,275
280,175,0,275
240,110,25,275
190,80,0,275
35,5,0,275
240,65,10,275
270,70,0,275
165,60,0,275
65,20,0,275
100,75,10,275
150,80,0,275
180,60,0,275
175,75,0,280
250,100,0,280
175,75,10,280
190,60,0,280
220,55,0,280
225,45,0,280
75,35,0,280
185,115,0,280
155,25,0,280
160,35,15,280
135,75,0,285
210,100,0,285
255,15,0,285
140,35,0,285
80,15,0,285
270,55,0,285
240,20,0,285
170,40,0,285
135,85,0,285
45,65,10,285
140,65,0,285
290,65,0,285
295,150,0,285
220,100,0,285
175,65,0,290
215,70,10,290
210,15,0,290
195,80,0,290
205,125,10,290
150,95,10,290
155,40,0,290
245,85,0,290
295,100,0,290
225,25,0,290
240,215,0,290
250,110,0,295
220,70,0,295
130,20,0,295
225,35,0,295
355,80,0,295
280,235,15,295
175,70,0,295
270,210,15,295
245,160,15,295
280,220,0,295
205,15,0,295
175,50,0,295
205,115,0,295
220,90,0,295
135,75,10,295
90,10,0,300
145,85,0,300
190,110,0,300
195,130,0,300
185,55,0,300
220,125,30,300
350,10,0,300
95,25,0,300
125,45,0,300
255,50,0,300
110,15,10,300
70,20,0,305
50,15,0,305
160,35,0,305
235,105,0,305
180,60,0,305
265,165,10,305
235,150,10,310
280,170,15,310
265,130,10,310
250,145,10,310
150,50,10,310
95,10,0,310
200,30,0,310
255,50,0,310
165,70,0,310
195,55,0,310
265,35,0,310
40,30,0,315
320,170,0,315
180,65,0,315
270,70,0,315
35,15,0,315
210,120,0,315
320,70,0,315
110,20,0,315
165,80,10,320
350,215,35,320
110,45,0,320
210,105,0,320
265,120,0,320
345,160,10,320
215,140,0,320
400,85,10,320
330,75,10,320
150,60,0,320
310,75,0,320
125,45,0,325
200,75,10,325
330,90,10,325
195,30,0,325
335,220,0,325
170,55,0,325
170,100,10,325
295,200,10,330
70,30,0,330
205,55,0,330
250,135,10,330
155,40,0,330
165,40,0,330
270,40,0,330
100,45,0,330
275,220,10,330
270,35,0,330
120,65,0,330
240,125,35,335
80,20,0,335
140,55,0,335
425,310,15,335
170,60,0,335
285,120,0,335
315,195,10,335
250,100,0,335
180,140,0,335
200,75,0,335
270,125,0,335
280,55,0,335
215,50,0,335
270,175,15,340
105,20,0,340
95,30,0,340
210,95,10,340
250,120,0,340
120,55,0,340
255,130,0,345
205,95,0,345
125,15,0,345
80,25,15,345
240,100,0,350
235,60,0,350
245,155,0,350
325,50,0,350
235,190,10,350
145,55,10,350
305,145,0,355
295,175,0,355
295,190,40,355
260,185,0,355
240,155,0,355
145,15,0,355
45,70,25,355
130,50,0,355
180,10,0,355
300,150,0,360
195,125,0,360
155,115,0,360
50,10,0,360
255,190,15,360
350,260,0,360
180,10,0,360
170,115,0,360
340,190,0,360
195,15,0,365
305,70,0,365
290,15,0,365
340,225,0,365
80,30,0,365
350,220,0,365
205,80,0,365
240,115,0,365
260,120,0,365
275,160,0,370
315,160,0,370
240,60,0,370
175,40,0,370
290,40,0,370
325,250,0,370
225,40,0,370
245,65,0,370
410,165,0,370
245,165,0,370
310,140,0,370
60,90,15,370
290,170,10,370
170,30,0,375
270,55,10,375
25,25,0,375
250,110,0,380
305,150,0,380
115,55,10,380
325,35,0,380
205,80,0,380
280,115,0,380
150,15,0,380
125,35,0,380
145,60,0,380
40,35,10,385
175,35,0,385
340,155,0,385
255,155,15,385
220,10,0,385
45,40,10,390
145,25,0,390
205,65,0,390
225,100,0,390
280,140,0,390
255,135,0,395
355,125,0,395
230,140,0,395
225,130,0,395
455,105,0,395
245,55,0,395
355,180,0,395
250,120,0,395
250,120,0,395
210,115,0,400
310,80,0,400
370,90,0,400
110,55,0,400
120,35,0,400
350,155,10,400
445,75,0,400
165,40,0,400
335,100,0,405
245,65,0,405
305,185,0,405
180,85,0,405
235,120,0,405
260,115,10,410
315,60,0,410
375,115,0,410
225,70,30,410
305,55,0,410
365,210,0,410
385,225,0,410
345,65,0,410
350,220,0,410
290,95,25,410
250,100,0,410
235,130,10,410
275,55,10,415
430,295,15,415
230,30,0,415
240,90,0,415
95,35,0,415
325,210,15,415
315,75,0,415
335,205,0,415
165,75,0,415
40,50,10,420
285,85,0,420
65,105,10,420
305,90,0,425
185,85,0,425
345,95,0,425
85,25,0,425
365,90,0,425
285,165,10,425
210,80,0,430
265,125,10,430
205,100,10,430
40,35,45,435
115,25,0,435
260,60,0,435
200,65,0,435
455,250,0,435
445,290,25,440
270,95,0,440
400,15,0,440
165,10,0,440
265,65,0,440
265,55,0,440
360,120,0,440
85,120,20,440
225,95,0,445
310,125,0,445
345,200,0,445
440,135,0,445
395,255,10,445
175,40,0,450
280,210,0,450
260,95,10,450
455,385,0,450
210,15,0,450
455,80,0,450
245,170,0,450
265,170,25,455
435,50,0,455
370,90,10,455
325,240,15,455
350,160,0,455
295,75,0,455
235,145,15,455
70,80,45,460
515,300,20,460
415,245,15,460
235,75,0,460
50,70,0,465
350,145,0,465
415,350,0,465
450,320,15,465
335,135,0,465
320,160,0,465
120,65,0,470
220,75,0,470
275,50,0,470
65,75,20,470
310,135,0,470
85,85,50,475
365,135,0,475
135,55,0,475
280,115,0,475
435,360,10,475
370,245,35,475
420,245,0,475
305,100,0,475
400,125,0,475
355,75,0,480
520,260,10,480
450,155,0,480
385,235,15,480
410,285,15,485
520,350,20,485
225,75,0,485
405,190,0,485
395,315,10,485
405,310,15,490
310,65,0,490
480,190,0,490
430,70,10,490
355,60,0,490
410,255,25,490
310,130,0,490
385,225,0,490
400,125,10,495
355,270,50,495
455,75,0,495
295,110,0,495
245,25,0,495
200,110,0,495
345,25,10,500
400,125,0,500
115,30,0,500
490,205,0,500
330,50,0,500
210,95,10,500
345,80,0,500
320,150,40,505
390,160,0,505
265,60,0,505
335,105,0,505
305,30,0,505
190,40,0,505
480,405,15,510
320,95,0,510
255,90,0,515
405,110,0,515
370,95,0,515
530,195,10,515
380,120,0,515
490,315,20,515
365,70,0,520
335,40,10,520
370,200,15,520
315,50,0,525
460,155,0,525
210,45,0,525
365,255,30,525
340,130,0,525
285,145,10,530
460,250,0,530
330,205,0,530
470,205,0,530
345,170,0,530
65,85,25,535
105,115,40,535
390,295,0,535
265,150,0,535
440,230,0,540
600,40,0,540
380,140,0,540
355,125,0,540
340,160,0,540
465,300,0,545
480,290,0,545
205,75,10,545
285,115,0,545
545,80,0,545
295,150,0,545
345,10,0,545
435,305,0,550
330,120,25,550
185,35,0,550
295,175,0,550
225,50,10,555
165,60,10,555
150,55,0,555
240,100,0,560
390,170,0,560
515,255,35,560
500,140,0,560
395,95,0,560
410,140,0,560
410,150,0,560
55,65,15,565
515,250,35,565
385,95,0,565
200,45,10,565
330,145,0,565
410,205,0,565
485,145,0,570
335,205,0,570
390,255,0,570
340,180,0,570
415,200,0,570
95,175,10,570
195,115,15,575
490,180,10,575
375,205,0,575
175,50,0,580
470,85,0,580
450,260,0,580
385,190,0,580
295,115,0,580
260,65,10,580
525,180,0,580
265,65,0,580
380,210,0,580
360,145,0,585
400,185,20,585
290,170,10,585
300,40,10,590
265,30,0,590
395,170,10,590
470,225,20,595
400,195,0,595
630,60,0,595
215,95,0,600
390,125,0,600
480,100,0,600
420,25,0,600
710,535,0,600
385,210,50,605
455,280,30,605
180,65,0,605
305,80,0,605
470,405,80,605
545,440,25,610
445,325,55,610
240,65,0,615
260,70,10,615
310,50,0,615
515,225,0,615
420,160,0,615
275,70,0,620
330,145,0,620
240,105,10,620
525,475,20,620
575,25,0,625
475,295,40,625
385,95,0,630
470,105,10,630
480,360,10,630
510,130,10,630
250,85,20,635
470,185,0,635
590,180,0,640
490,150,0,640
295,50,0,640
305,65,0,645
370,215,20,650
200,120,0,650
165,25,0,650
310,105,0,650
455,220,30,655
70,45,0,655
450,280,0,655
410,105,10,655
490,300,0,655
640,375,10,660
600,130,0,660
225,70,10,660
560,400,40,660
485,105,0,665
510,280,0,670
225,35,0,670
530,350,0,670
545,130,0,675
620,360,0,675
480,175,0,675
530,305,0,675
390,150,30,680
415,235,0,685
65,5,0,685
190,80,0,690
565,215,0,690
260,90,10,695
410,210,10,695
390,130,0,700
200,70,0,700
410,205,10,700
385,115,0,700
235,75,10,700
365,110,25,700
210,45,0,700
530,200,0,705
620,415,10,705
625,215,10,705
430,125,15,705
140,210,50,705
765,240,25,710
275,100,0,710
630,400,25,715
585,230,0,715
670,195,0,715
500,350,15,715
360,185,10,720
585,360,0,720
195,40,0,720
465,260,0,720
425,205,0,720
560,295,70,725
545,60,0,725
350,145,10,730
400,105,35,730
590,75,0,730
525,250,0,745
490,45,0,745
225,75,0,750
415,125,0,750
160,45,0,750
610,170,15,750
725,605,70,755
340,175,0,755
240,90,10,760
880,90,0,760
630,475,20,760
575,195,0,765
345,145,0,770
185,85,0,775
630,140,0,775
745,45,0,780
210,85,0,780
485,210,10,785
640,420,40,785
725,445,0,785
685,190,0,785
650,130,0,785
510,285,0,785
415,140,15,790
330,110,0,790
160,250,35,790
340,180,0,795
635,380,0,800
550,395,10,800
560,285,10,805
495,200,0,805
530,260,10,810
660,430,0,810
595,315,0,810
780,195,0,815
475,210,0,815
625,325,10,815
650,415,0,820
165,75,0,820
500,135,15,820
850,815,20,825
650,225,0,825
690,175,10,830
625,285,30,830
745,515,10,835
635,335,15,835
505,300,0,835
500,185,10,840
535,335,0,840
630,355,0,840
420,240,15,845
670,280,10,845
690,565,100,845
730,470,40,850
725,665,0,855
515,155,20,860
755,375,15,860
710,320,0,865
215,45,10,870
235,55,0,875
545,230,0,875
630,340,0,875
440,250,0,880
770,370,10,885
680,310,0,885
700,240,0,890
410,105,50,890
555,320,0,890
730,435,0,895
750,180,0,895
680,75,0,900
705,185,0,900
805,55,10,905
765,690,40,905
610,235,0,905
690,220,0,905
100,85,25,910
685,50,10,910
610,285,0,910
265,65,10,910
635,120,0,915
785,510,25,915
765,215,0,920
615,380,0,920
785,470,0,920
330,120,25,925
690,205,10,930
580,270,0,930
640,310,0,935
750,475,0,935
295,145,10,935
695,355,0,935
735,235,0,940
165,240,10,940
355,125,0,945
645,230,0,945
700,185,35,950
665,220,0,955
380,40,10,955
780,275,30,955
350,55,0,965
635,230,25,975
665,315,0,980
780,430,10,980
880,40,10,980
485,90,0,980
655,270,0,980
390,100,0,985
750,375,0,985
795,400,10,985
605,165,0,985
575,340,0,995
890,470,10,1000
750,460,0,1005
1015,615,0,1005
445,145,0,1010
625,330,15,1010
570,285,0,1015
665,345,0,1015
840,485,10,1020
505,175,0,1020
920,640,135,1020
140,25,10,1025
365,205,0,1025
570,215,0,1025
970,240,0,1030
750,465,35,1030
90,120,35,1035
915,235,0,1035
965,805,10,1035
635,210,0,1035
490,160,10,1040
990,600,0,1040
725,350,0,1040
780,505,0,1040
985,540,25,1050
895,255,0,1050
845,460,0,1050
660,210,0,1055
860,70,0,1060
820,400,10,1060
870,490,25,1065
1025,510,20,1075
845,465,0,1075
925,440,10,1080
825,400,0,1080
520,135,0,1090
1070,125,0,1090
775,215,10,1090
860,340,0,1090
945,480,0,1100
760,385,10,1100
815,80,0,1105
695,285,10,1105
625,145,0,1110
865,430,0,1110
890,220,10,1110
430,220,0,1115
915,30,0,1115
780,300,0,1115
1020,675,10,1115
795,100,0,1125
800,330,0,1125
835,245,10,1125
795,525,0,1130
810,395,0,1130
715,350,15,1130
1090,530,10,1135
1105,635,40,1135
850,415,10,1135
770,525,0,1135
830,235,0,1135
925,475,10,1135
715,305,10,1140
705,330,0,1150
1085,280,10,1150
350,120,15,1150
915,535,10,1155
945,505,0,1155
955,505,10,1170
835,445,10,1175
830,260,20,1175
685,235,0,1175
915,555,20,1185
990,650,0,1185
660,245,0,1190
900,610,30,1190
1025,760,15,1190
210,285,45,1195
1020,290,0,1195
1085,485,0,1200
880,440,0,1200
845,250,0,1205
945,685,15,1205
1130,885,10,1210
735,360,0,1215
575,300,0,1220
845,610,50,1220
935,345,0,1220
525,150,10,1220
980,530,45,1220
715,200,25,1225
550,130,0,1225
940,430,10,1225
1040,700,100,1230
1005,660,15,1230
450,80,15,1235
510,135,0,1240
1145,435,0,1240
900,215,0,1240
900,615,20,1245
1150,775,30,1245
925,530,60,1250
925,520,0,1250
580,110,10,1250
590,295,15,1255
895,470,0,1260
765,425,10,1265
1015,280,10,1275
535,245,0,1275
620,350,0,1285
785,390,10,1285
1070,560,15,1290
615,380,0,1290
930,520,25,1290
860,280,10,1290
955,560,0,1290
990,675,20,1295
875,670,45,1295
930,735,0,1305
950,460,0,1315
1260,925,55,1320
1005,570,10,1325
610,150,0,1325
845,395,15,1330
675,405,20,1335
845,400,0,1360
935,555,0,1365
1045,65,0,1370
1280,360,10,1370
950,710,0,1370
185,205,145,1385
1040,690,20,1385
1155,510,0,1385
470,225,10,1385
1045,660,0,1390
1010,545,15,1390
1145,840,95,1390
960,485,10,1395
350,135,10,1395
840,70,15,1405
1015,365,10,1420
970,330,0,1420
1080,245,15,1420
1055,655,10,1425
920,425,0,1430
885,445,0,1435
1100,660,20,1435
1015,240,10,1435
1025,715,85,1435
1210,620,20,1440
1265,1000,165,1445
1065,710,20,1445
1255,280,15,1450
830,260,0,1450
485,105,0,1450
1075,750,155,1450
925,290,0,1455
1060,505,0,1460
405,190,20,1460
1110,745,10,1465
315,525,40,1465
1220,740,10,1470
1235,1010,75,1480
1185,755,75,1485
710,135,0,1495
800,235,0,1505
1005,380,0,1520
890,155,0,1520
1185,790,25,1525
1225,830,30,1530
1055,555,0,1530
180,190,85,1540
1040,575,40,1540
1070,660,0,1540
845,440,0,1545
1045,380,0,1550
1100,620,15,1550
1295,350,0,1555
355,530,35,1565
445,215,0,1575
1080,375,0,1580
1220,740,75,1590
1305,405,10,1600
700,280,0,1600
1265,555,20,1605
1015,700,0,1605
1175,465,0,1605
505,260,25,1610
1055,565,0,1625
1190,880,10,1625
1205,515,10,1630
1245,660,10,1650
1555,360,15,1650
1060,440,40,1655
1175,380,10,1665
1155,735,25,1665
1175,610,10,1675
1240,415,10,1685
1310,715,25,1690
530,175,15,1695
1315,820,105,1705
310,155,0,1705
1015,440,0,1710
1575,390,10,1715
785,190,0,1715
1475,600,20,1715
1265,755,25,1715
1455,90,10,1720
830,435,20,1720
1395,450,0,1725
1310,335,0,1730
1490,325,0,1730
1365,620,25,1735
1465,80,0,1740
940,460,0,1740
1350,980,45,1745
1140,540,10,1755
1340,850,0,1775
1155,545,0,1775
1460,810,70,1775
1440,740,35,1780
1685,85,0,1780
1315,585,0,1785
1500,425,0,1795
1195,315,0,1800
1325,470,0,1800
975,220,10,1805
1285,370,0,1810
1150,330,15,1810
1310,780,0,1825
825,465,0,1835
1595,1015,100,1845
1580,475,15,1870
1495,565,10,1870
1185,490,0,1880
365,215,0,1880
520,180,10,1885
1020,290,0,1895
1725,670,10,1930
1690,500,15,1940
1700,1235,50,1940
370,145,15,1945
960,505,15,1955
1425,335,0,1960
1460,410,25,1960
1720,925,10,1975
1990,1395,10,1975
660,285,0,2000
1740,985,10,2020
1105,565,10,2030
265,300,140,2035
1670,1185,10,2045
1485,155,0,2045
1150,660,20,2050
1655,1020,25,2070
1765,490,0,2075
375,95,0,2080
1900,430,20,2090
1195,430,10,2115
1030,95,15,2120
1570,140,15,2125
1930,160,10,2125
1815,445,0,2125
1700,1080,25,2125
1515,870,10,2140
1460,595,0,2140
1415,820,10,2155
1590,700,10,2160
1250,150,10,2170
1460,890,10,2175
1520,875,20,2180
1705,760,15,2180
1725,695,30,2180
1640,1055,15,2185
1935,1275,55,2195
2090,1500,150,2200
1110,280,0,2200
1895,1270,65,2210
1845,1095,10,2215
1935,1335,25,2215
1700,470,0,2235
1870,1215,110,2245
1925,1195,25,2245
1570,1145,45,2270
1045,160,10,2270
1495,620,0,2290
960,320,0,2300
1710,1200,50,2320
1490,795,20,2335
1700,640,0,2355
1535,620,15,2360
1860,945,10,2370
1745,1140,35,2380
1700,545,0,2385
875,285,0,2385
1395,740,45,2390
1770,1170,25,2390
2370,1440,95,2410
1845,605,15,2415
1720,675,15,2415
795,350,20,2420
1890,1065,10,2435
1730,935,25,2440
2035,740,10,2445
1645,580,65,2450
2070,180,10,2460
2070,1415,135,2460
885,385,25,2465
915,420,0,2470
1840,1150,75,2475
1835,1005,10,2480
2025,1165,125,2485
1590,500,10,2490
1840,830,10,2490
2015,1350,150,2500
1945,810,0,2505
2175,1115,15,2520
515,115,0,2525
1950,1080,30,2530
2025,245,20,2535
600,260,0,2535
1055,480,35,2540
2320,780,10,2545
435,455,70,2545
2185,670,10,2555
1540,845,0,2555
1500,480,0,2560
1770,990,25,2560
2200,730,30,2575
750,1190,110,2575
1140,220,25,2575
1750,890,0,2585
2130,1295,0,2600
1985,1425,195,2605
2530,330,10,2615
260,140,10,2615
1870,755,10,2615
2260,600,10,2630
1615,650,15,2650
585,155,0,2655
1830,575,25,2660
2200,1470,115,2670
1260,590,30,2670
1640,365,35,2700
1455,330,10,2725
1625,445,0,2730
1850,730,10,2730
695,370,10,2735
1960,1410,25,2745
2080,1330,10,2745
1735,745,10,2760
1290,220,30,2765
2100,745,15,2770
2405,1100,0,2770
2295,1485,20,2785
2090,1560,90,2795
1865,780,10,2800
1115,435,55,2800
2205,1215,95,2800
2335,1460,15,2815
2010,895,0,2815
1445,500,80,2815
2015,865,0,2825
2515,510,45,2830
2290,1450,0,2855
2420,935,20,2870
1930,670,100,2870
2450,1445,20,2880
2275,1045,15,2895
2110,640,10,2910
1520,410,0,2920
2070,735,10,2935
2015,345,10,2945
1480,755,25,2955
1675,1085,70,2965
1885,265,85,2975
1955,275,10,2980
570,300,10,2980
2690,650,50,2995
1205,235,25,3010
2540,1360,0,3015
2110,180,10,3040
2390,780,10,3060
2785,2090,125,3075
2485,1605,125,3105
1905,365,0,3115
620,120,0,3125
1405,675,80,3125
2325,1655,15,3130
2200,1165,105,3135
1575,595,10,3135
2355,540,15,3140
2680,1570,15,3145
845,415,10,3150
1585,1015,75,3160
2175,1440,15,3165
2085,865,0,3200
1860,1190,20,3215
2405,1500,25,3240
2245,1205,15,3270
2450,1660,15,3270
1940,875,40,3280
525,340,115,3285
1610,495,0,3300
2395,700,10,3345
2700,2110,175,3350
2295,665,10,3365
2775,1675,25,3370
1825,245,20,3380
2465,1310,0,3390
2930,1265,35,3415
2510,670,0,3435
2665,195,20,3440
1430,350,0,3460
2575,1725,25,3495
470,720,245,3505
2240,1395,0,3505
1920,770,10,3515
2785,1445,20,3535
1245,585,0,3535
2755,2050,15,3565
2120,1440,15,3575
3090,955,0,3585
1035,350,55,3620
3205,120,0,3635
3235,1280,25,3640
555,90,15,3650
2475,1630,15,3675
2595,1025,15,3690
755,435,10,3705
2365,1315,40,3705
3290,2550,280,3710
3190,1045,45,3710
3300,1930,30,3725
2905,805,0,3800
2890,2155,265,3815
2775,1470,80,3840
1720,255,10,3925
3110,1775,70,4025
2800,1655,30,4040
3530,2490,30,4060
3540,2270,130,4080
2515,1695,35,4090
3445,1290,15,4100
4500,2225,10,4115
3210,1085,10,4185
2750,1700,10,4190
1900,985,40,4205
3885,185,10,4210
3635,1860,10,4215
1435,520,10,4225
3475,745,25,4235
1305,385,15,4240
985,265,0,4260
3140,2160,210,4295
3340,1990,10,4320
655,310,10,4325
3095,1655,50,4340
3640,1310,55,4350
1065,735,10,4355
2750,1330,45,4360
1590,555,0,4375
1965,780,10,4400
2420,1105,90,4405
3705,890,0,4455
2020,825,0,4465
3570,2145,195,4470
3950,2935,205,4540
3455,2330,10,4550
3680,2380,145,4560
3565,1030,20,4575
1770,785,75,4585
3525,875,20,4675
3760,2680,135,4715
3310,1420,20,4765
3625,790,20,4770
2440,770,0,4815
1375,585,35,4830
4100,275,20,4835
3275,1930,30,4860
2770,1190,35,4875
4300,195,10,4880
4045,490,0,4945
3975,2985,215,4950
3600,1005,10,4970
2155,440,0,5000
4140,2750,15,5050
4115,3240,415,5065
3310,800,0,5085
3545,1875,50,5085
3385,2190,20,5140
1065,310,115,5240
3070,1590,65,5300
3880,2075,40,5310
3695,1770,95,5365
4330,2495,45,5385
3720,895,10,5395
3245,1495,185,5460
2065,875,220,5465
4875,3705,45,5465
5055,675,25,5580
3235,1805,45,5590
5020,705,10,5620
4605,1465,30,5670
4075,2730,50,5775
4865,3395,290,5795
4920,3220,55,5815
5230,2145,40,5845
5135,2855,295,5910
3980,605,80,5930
4795,2475,55,5945
3990,1010,20,5960
4720,2480,45,5965
1285,300,205,5995
5255,2290,50,6085
4625,1915,45,6100
4310,2850,95,6110
4790,1415,10,6300
2940,735,10,6345
5060,3230,50,6360
4680,3085,55,6385
3480,1050,55,6435
3960,2225,0,6440
5190,1815,40,6475
5285,1470,15,6480
3355,350,20,6510
1490,690,10,6530
1565,755,15,6585
5590,1855,55,6685
5710,2565,60,6690
5510,2690,35,6715
4740,3110,90,6770
6390,4750,45,6790
5895,4265,300,6855
5495,855,25,6865
5290,3130,30,6890
5675,950,70,7005
6070,2170,45,7070
4615,2725,55,7080
1920,775,10,7130
6325,4565,260,7180
6495,2725,30,7185
4880,1730,60,7230
4420,1455,35,7305
5080,1880,25,7350
5930,4240,260,7365
2675,1295,290,7490
4555,2285,20,7490
6490,3320,95,7510
5750,3650,60,7515
5180,3210,30,7535
1975,480,0,7665
5755,4020,285,7685
4325,535,20,7715
6095,2685,305,7725
6090,4065,635,7755
4435,2570,270,7760
5980,2300,75,7765
6000,3805,20,7830
6340,3935,165,7830
3380,1080,10,7940
5575,2460,40,7975
5465,1795,30,7995
6300,3470,85,8010
4640,2160,110,8040
6950,3860,110,8055
5195,1975,15,8180
1415,250,150,8255
7170,3215,65,8265
5970,3805,175,8305
4915,1405,15,8385
6510,4740,55,8400
5760,2160,45,8510
1270,340,250,8560
5575,3125,20,8590
4465,2005,25,8625
6560,4235,130,8665
8485,5045,845,8745
6425,3845,125,8850
2775,1910,40,8860
5705,630,0,8925
3380,1950,20,9125
6575,3785,20,9130
2680,830,390,9150
7455,690,70,9200
5725,3260,75,9245
6435,4150,115,9270
7455,4385,60,9435
6275,2780,30,9530
5430,1270,10,9560
8145,3275,100,9560
5800,2490,25,9685
7020,3025,130,9915
6970,3915,70,10005
9225,6565,495,10245
3215,1230,10,10355
7625,2220,15,10380
7950,4720,260,10535
6625,4420,95,10550
2935,1310,20,10595
8785,1815,90,10635
6285,2740,40,10685
2920,1115,70,10700
6905,4125,160,10705
9725,6480,120,10755
4835,1960,20,11035
9385,6880,390,11100
8815,6910,390,11250
2080,1200,35,11300
8615,2650,10,11315
9380,3805,120,11320
7685,4845,10,11400
7460,3820,55,11435
11080,6885,915,11470
8945,3540,170,11525
8585,650,65,11650
8865,5860,410,11805
9995,4005,105,11995
9765,4045,190,12085
8140,5095,45,12280
8960,6665,860,12340
10200,6790,110,12500
10805,8080,105,12605
5760,835,0,12690
9415,3450,35,12740
3790,1315,665,12760
3100,720,280,12840
10475,5990,555,13125
1865,580,420,13250
10185,2825,30,13540
8400,4605,155,13605
9010,4875,35,13610
9555,5785,160,13705
8485,4045,20,13715
12040,4485,95,13815
11580,5065,225,13985
2615,1025,665,14010
8955,5305,245,14070
6850,3410,70,14210
11765,2400,70,14420
10695,6165,160,14500
11320,4605,15,14590
8875,5170,40,14615
6240,780,115,14700
10850,6350,135,14860
2900,1485,35,14945
7860,3580,25,15135
12575,7475,140,15225
12185,5400,160,15340
11685,3175,775,15355
13260,6380,215,15375
10655,4645,210,15660
11950,5115,495,15675
10260,7070,70,15920
970,440,590,16390
12015,4970,75,16730
10585,5825,210,17130
13490,10670,145,17130
12530,6400,55,17255
13540,8925,835,17345
9575,2575,40,17415
9650,4550,775,17460
12250,8775,415,17575
3810,1680,140,17705
3870,1110,560,17895
5100,1920,715,18905
13255,7765,85,18965
11865,1540,75,19075
13580,8235,175,19340
5065,2435,795,19470
16170,11835,280,19930
14320,8680,275,19995
17590,3000,120,20370
13695,8155,400,20750
14760,2315,65,20990
19130,7880,220,21890
17430,13375,580,21905
16525,5945,90,23785
18175,10795,435,24000
17685,5100,25,24305
14865,7750,110,25565
15445,3950,85,25610
16930,11060,105,26025
19995,14600,885,26420
21420,12200,165,27390
8415,5095,105,27470
6540,2430,1065,27645
19925,14725,710,28215
17525,10590,325,28265
18965,11010,240,28535
16900,8230,1545,28630
22670,14695,1475,28750
22955,14365,1985,29015
24740,18305,570,29530
25070,12200,245,29770
7390,4130,105,29820
9235,1585,205,30070
23450,17330,2615,30500
12055,3445,1440,31995
25430,18700,1340,32090
5780,1735,1350,33025
18470,10880,405,33180
7310,4505,170,33440
9580,2695,1555,34245
5870,1650,895,34335
30135,23015,4320,35075
1325,990,1170,35145
27785,20650,975,36190
6055,1840,640,36220
26545,12510,675,38030
10385,4395,360,38385
24060,2895,210,38660
33050,22945,310,39265
28745,21140,1385,39405
26370,19395,690,42250
34235,22245,2845,43110
31030,14570,515,45620
1645,1035,1100,46005
41260,27355,1045,47155
38320,24610,295,48410
9935,3355,1630,48575
37710,18255,515,49440
17030,9360,425,49510
10145,3665,1525,49665
45990,34225,5075,50640
36755,20765,305,50715
38840,29100,1455,51065
28690,17540,725,52265
40195,34300,2945,54185
29425,3585,240,55040
40960,23010,305,57570
41275,22945,625,58430
44600,23565,420,58755
41225,16945,340,60400
55005,38435,4270,62350
48000,31755,1735,62940
41865,21265,4240,64110
24220,11235,265,70500
48735,39680,14005,70935
36625,18310,1040,75105
26710,11185,4580,79850
69860,33320,1490,83540
64115,38270,615,87570
9640,9370,5655,93540
27100,10950,2520,96065
66825,30695,635,96290
93655,97840,54150,100855
20720,8630,2140,101440
51325,18775,245,102515
83105,53670,2515,111165
96300,104905,67625,112905
102665,113080,65850,118360
110870,115770,64595,118455
100640,67315,2350,119790
113765,118520,68125,122655
85175,45025,1165,125970
116645,124560,73910,130835
104305,50210,5065,134220
85495,96160,64780,136345
109580,76095,1815,146145
118635,130950,91325,148145
147805,149835,78610,149805
136345,146635,87765,155510
156065,157095,82730,156865
107340,133960,83815,160080
101230,32365,565,161770
122100,137445,93495,167835
25005,8630,3245,172260
151205,104855,13125,187530
165460,181325,111335,189615
168990,182390,115125,193445
136110,63985,985,193475
128845,78105,985,194395
185940,189315,105715,201530
195390,198640,121240,202470
126500,70370,3660,206090
48140,23995,740,207775
151415,51815,775,220425
184365,132185,22890,223700
188535,202500,141170,229655
151955,72980,1590,241000
171225,116045,5635,243880
174920,138680,23195,250175
120765,76680,2740,280030
231610,252280,176515,285145
247710,182750,25340,306700
10965,8360,9480,307080
227085,179670,26135,313600
235990,270715,166220,318540
302690,331375,211705,354470
319765,346225,210700,373030
325295,363590,214600,393805
353415,371215,237625,395190
65530,29800,11940,466820
387280,427500,269760,479740
382495,432315,302965,506990
397120,353425,143360,691235
555555,630380,412060,723025
530570,612595,437460,749285
741010,754830,443465,775365
635215,768215,570925,1177540
930405,1050410,792700,1275265
937055,1065070,844740,1343335
1316635,1622735,1330555,2289515
444955,620510,412120,2500590
2551955,2669195,1607550,3663310
3061820,3836770,3218725,5600480
